사고연도,사고일자,사고시간,노선명,사고발생이정,방향,사망,부상
2022년,2022-01-01,17:15,부산포항선,73.1,부산,0,0
2022년,2022-01-03,15:33,중부선,21,하남,1,0
2022년,2022-01-05,05:03,무안광주선,15.5,광주,0,0
2022년,2022-01-10,08:08,경부선,61,부산,0,1
2022년,2022-01-11,00:25,영동선,65.5,인천,1,0
2022년,2022-01-16,13:34,중부선,248.8,통영,0,0
2022년,2022-01-18,05:05,제2중부선,332.4,하남,0,2
2022년,2022-01-19,07:14,서천공주선,40.3,공주,0,1
2022년,2022-01-19,11:04,서울양양선,117.7,양양,1,2
2022년,2022-01-20,03:39,남해제2지선,18.5,부산,0,0
2022년,2022-01-20,07:17,중부내륙선,183.7,양평,0,0
2022년,2022-01-21,00:20,남해선,16.7,영암,0,0
2022년,2022-01-22,02:10,서천공주선,22.9,서천,0,0
2022년,2022-01-24,14:30,서해안선,50.6,목포,0,0
2022년,2022-01-25,02:27,당진대전선,63,대전,0,0
2022년,2022-01-25,07:16,서해안선,77.4,목포,0,0
2022년,2022-01-28,01:15,경부선,345.4,서울,0,0
2022년,2022-01-28,16:40,중부내륙선,257.5,창원,0,0
2022년,2022-01-28,23:56,호남선,193.7,천안,0,0
2022년,2022-01-30,03:40,중부선,340.8,하남,0,2
2022년,2022-01-30,06:24,영동선,52.1,강릉,0,1
2022년,2022-02-04,06:42,중부선,140.4,하남,0,1
2022년,2022-02-05,18:28,경부선,244.6,서울,0,0
2022년,2022-02-08,18:30,평택제천선,24.2,평택,0,1
2022년,2022-02-09,01:13,중부내륙선,114.6,창원,0,0
2022년,2022-02-14,09:14,중부선,81,하남,0,0
2022년,2022-02-16,01:35,중부내륙선,144.5,창원,0,1
2022년,2022-02-16,08:37,수도권제1순환선,5.2,판교,0,0
2022년,2022-02-17,02:55,호남선,164,천안,1,1
2022년,2022-02-21,06:01,중앙선,209.5,춘천,0,0
2022년,2022-02-21,09:15,서해안선,126.6,서울,0,0
2022년,2022-02-21,10:56,서해안선,283.1,목포,0,0
2022년,2022-02-21,14:23,중부내륙선,47.9,창원,0,2
2022년,2022-02-21,15:26,동해선,72.5,속초,0,1
2022년,2022-02-24,06:38,대구포항선,69.3,대구,0,1
2022년,2022-02-25,03:55,중부내륙선,131,양평,0,0
2022년,2022-02-26,16:00,호남선,101.5,순천,0,1
2022년,2022-02-27,22:55,중부선,296.7,통영,0,0
2022년,2022-03-01,15:25,광주대구선,23.3,광주,1,2
2022년,2022-03-02,06:30,광주대구선,161,광주,0,0
2022년,2022-03-03,09:35,남해선,124,순천,0,0
2022년,2022-03-03,14:35,대구포항선,47,대구,0,0
2022년,2022-03-04,03:33,중부내륙선,263.6,창원,0,0
2022년,2022-03-04,15:13,중부내륙선,185.6,창원,1,0
2022년,2022-03-05,02:15,중앙선,204,부산,0,0
2022년,2022-03-17,05:10,경부선,211.4,부산,0,0
2022년,2022-03-18,08:57,호남선의 지선,6.4,논산,0,0
2022년,2022-03-18,14:12,평택제천선,110.2,제천,0,0
2022년,2022-03-21,14:42,남해선,85.6,순천,0,0
2022년,2022-03-22,10:01,호남선,179,천안,0,0
2022년,2022-03-23,05:03,경부선,410,서울,0,1
2022년,2022-03-23,10:31,영동선,136,인천,0,0
2022년,2022-03-25,01:04,호남선,193.7,순천,0,0
2022년,2022-03-25,14:12,서해안선,78.2,목포,0,0
2022년,2022-03-27,15:05,당진대전선,37,당진,0,0
2022년,2022-03-28,04:50,수도권제1순환선,70.1,일산,0,0
2022년,2022-03-28,10:10,중부선,160.1,통영,0,1
2022년,2022-03-28,13:40,중부선,363.5,하남,0,1
2022년,2022-03-29,15:57,당진대전선,58.1,대전,0,0
2022년,2022-03-30,10:27,서해안선,210.8,서울,0,0
2022년,2022-03-30,13:54,남해선,148.2,순천,0,1
2022년,2022-03-31,02:18,남해선,76.7,순천,0,1
2022년,2022-04-01,16:21,무안광주선,21.8,무안,0,1
2022년,2022-04-01,22:55,영동선,209,강릉,1,1
2022년,2022-04-04,04:10,수도권제1순환선,24.9,판교,0,0
2022년,2022-04-06,04:26,서울양양선,138.4,양양,0,0
2022년,2022-04-08,06:50,중부내륙선,32.6,양평,0,1
2022년,2022-04-10,17:05,남해선,100.6,부산,0,1
2022년,2022-04-11,14:40,서해안선,206.4,서울,0,1
2022년,2022-04-14,12:15,호남선,4.4,천안,0,0
2022년,2022-04-14,13:07,평택제천선,30.3,제천,1,1
2022년,2022-04-14,14:10,중앙선,365,춘천,0,0
2022년,2022-04-15,21:40,남해선,82.4,부산,0,0
2022년,2022-04-16,04:10,중앙선,128,부산,0,0
2022년,2022-04-16,06:29,광주대구선,85.5,광주,0,1
2022년,2022-04-16,20:03,서울양양선,111.8,서울,0,0
2022년,2022-04-17,16:40,경부선,309.1,서울,0,0
2022년,2022-04-17,18:20,영동선,79.8,강릉,0,1
2022년,2022-04-17,19:22,서천공주선,5.6,공주,0,1
2022년,2022-04-19,03:45,중부선,247.9,통영,0,1
2022년,2022-04-20,02:27,수도권제1순환선,86.4,일산,0,1
2022년,2022-04-25,12:13,중부내륙선,113.5,창원,0,1
2022년,2022-04-25,13:52,중부선,258.4,통영,0,1
2022년,2022-04-27,10:33,중앙선,346.4,부산,0,0
2022년,2022-04-28,14:45,남해제2지선,10.7,부산,0,0
2022년,2022-05-03,05:28,중부선,273.2,통영,0,2
2022년,2022-05-03,23:42,서해안선,218.2,목포,0,0
2022년,2022-05-04,04:37,중부선,298,하남,0,1
2022년,2022-05-04,05:36,서해안선,229.8,목포,1,0
2022년,2022-05-06,00:19,순천완주선,73,완주,0,0
2022년,2022-05-06,14:44,호남선의 지선,5.7,논산,0,0
2022년,2022-05-08,15:00,남해선,127.9,순천,0,1
2022년,2022-05-09,04:57,남해선,36.8,부산,0,0
2022년,2022-05-12,06:55,중부내륙선,159.7,창원,0,1
2022년,2022-05-12,23:36,경부선,163.1,부산,0,0
2022년,2022-05-13,04:23,중부내륙선,253.6,양평,0,0
2022년,2022-05-14,16:11,경부선,16.5,부산,0,0
2022년,2022-05-16,12:17,청주영덕선,3.8,상주,0,0
2022년,2022-05-18,13:20,남해선,104,순천,0,0
2022년,2022-05-19,13:28,경부선,30.1,서울,0,2
2022년,2022-05-22,14:48,중부선,360.9,하남,0,1
2022년,2022-05-25,00:43,영동선,78.8,인천,0,1
2022년,2022-05-25,13:32,중부내륙선,40.6,양평,0,0
2022년,2022-05-26,04:20,호남선,102.9,천안,0,1
2022년,2022-05-26,04:47,중부내륙선,75.3,양평,0,1
2022년,2022-05-26,06:17,서해안선,271.2,서울,1,0
2022년,2022-05-28,16:40,중부내륙선,120.2,양평,0,2
2022년,2022-05-29,05:00,중앙선,168.5,부산,0,0
2022년,2022-05-29,06:40,경부선,338.6,서울,0,0
2022년,2022-05-30,14:09,중부선,138,하남,0,2
2022년,2022-06-01,03:38,경부선,274.3,부산,0,0
2022년,2022-06-02,22:10,경부선,201.6,서울,0,2
2022년,2022-06-04,14:50,호남선,2.4,천안,0,1
2022년,2022-06-05,16:26,영동선,95.2,인천,2,2
2022년,2022-06-08,01:30,수도권제1순환선,76,판교,0,0
2022년,2022-06-10,12:11,서해안선,13.4,서울,1,0
2022년,2022-06-10,14:18,호남선,59.5,순천,0,0
2022년,2022-06-13,13:30,서해안선,161.1,목포,0,4
2022년,2022-06-13,15:26,함양울산선,120.7,밀양,0,0
2022년,2022-06-15,07:46,순천완주선,10.7,순천,0,0
2022년,2022-06-16,09:15,수도권제1순환선,82,일산,0,0
2022년,2022-06-16,11:51,중앙선,266.6,부산,1,0
2022년,2022-06-17,02:55,경부선,379.3,부산,0,1
2022년,2022-06-17,21:55,제2중부선,329.8,이천,0,0
2022년,2022-06-18,05:16,서해안선,54.2,목포,0,2
2022년,2022-06-18,17:40,경부선,280,서울,0,0
2022년,2022-06-19,00:23,중부선,89,통영,0,1
2022년,2022-06-19,19:20,남해선,63.2,영암,0,0
2022년,2022-06-20,11:23,영동선,133.9,강릉,0,0
2022년,2022-06-20,16:37,중부내륙선,180.9,창원,0,0
2022년,2022-06-20,17:35,호남선,133.2,천안,0,4
2022년,2022-06-20,18:35,중부내륙선,274,양평,0,1
2022년,2022-06-21,17:40,남해선,29,영암,0,0
2022년,2022-06-22,00:05,경부선,111.3,부산,1,0
2022년,2022-06-24,15:05,중앙선,288.9,춘천,0,1
2022년,2022-06-26,17:38,경부선,298,부산,0,0
2022년,2022-07-01,02:08,서해안선,135.1,목포,0,0
2022년,2022-07-01,04:08,경부선,219.6,부산,1,1
2022년,2022-07-01,17:57,남해선,114.65,부산,0,1
2022년,2022-07-01,20:57,호남선,135,순천,0,0
2022년,2022-07-02,07:10,경부선,157.3,부산,0,1
2022년,2022-07-04,15:41,경부선,249.8,서울,0,1
2022년,2022-07-05,03:31,중부내륙선,171.9,양평,1,0
2022년,2022-07-05,23:11,영동선,22.5,인천,1,0
2022년,2022-07-07,02:00,중부내륙선,51.7,양평,0,1
2022년,2022-07-07,03:51,중부내륙선,265,양평,0,0
2022년,2022-07-07,11:25,중부선,108.4,하남,0,2
2022년,2022-07-09,14:30,부산포항선,66.5,부산,1,1
2022년,2022-07-09,17:48,고창담양선,38.8,고창,0,1
2022년,2022-07-11,13:05,영동선,21.9,인천,0,0
2022년,2022-07-12,03:15,경부선,293,부산,0,1
2022년,2022-07-15,00:35,호남선,187.9,순천,0,1
2022년,2022-07-15,01:55,서해안선,311.5,서울,0,1
2022년,2022-07-15,04:17,중부내륙선,25,양평,0,0
2022년,2022-07-15,13:30,경부선,339.5,서울,0,0
2022년,2022-07-18,23:15,청주영덕선,17.5,청주,1,0
2022년,2022-07-19,07:20,경부선,343.2,부산,0,0
2022년,2022-07-19,17:28,중앙선,265.9,부산,0,1
2022년,2022-07-21,10:56,중부내륙선,166.8,양평,0,0
2022년,2022-07-22,02:35,서해안선,314.2,서울,1,0
2022년,2022-07-22,03:05,중부내륙선,264.6,창원,0,0
2022년,2022-07-25,04:40,경부선,405.2,서울,0,1
2022년,2022-07-26,14:30,남해선,96.6,순천,0,0
2022년,2022-07-27,04:30,경부선,348.3,부산,0,0
2022년,2022-07-27,04:51,호남선,156.8,순천,0,0
2022년,2022-07-28,04:10,남해선,52,순천,0,0
2022년,2022-07-28,04:40,중부내륙선,169.9,양평,0,3
2022년,2022-07-30,06:50,중부선,13,하남,0,1
2022년,2022-07-31,02:23,경인선,17.4,서울,0,0
2022년,2022-08-01,07:18,함양울산선,120.1,울산,0,1
2022년,2022-08-05,13:35,평택제천선,55.54,평택,0,2
2022년,2022-08-06,04:40,경부선,382.2,서울,0,0
2022년,2022-08-06,09:10,경부선,392.9,부산,0,1
2022년,2022-08-07,03:08,부산포항선,10.4,부산,0,0
2022년,2022-08-07,07:55,중부선,111.2,통영,0,2
2022년,2022-08-09,15:06,남해선,98.1,순천,0,0
2022년,2022-08-10,04:15,중부내륙선,256,창원,0,0
2022년,2022-08-10,12:10,청주영덕선,13.8,상주,0,0
2022년,2022-08-10,12:15,경부선,244.1,서울,0,0
2022년,2022-08-11,16:28,영동선,211.4,강릉,0,1
2022년,2022-08-12,06:34,호남선,193.2,순천,0,1
2022년,2022-08-12,17:55,서울양양선,3.3,양양,0,1
2022년,2022-08-13,02:25,중앙선,126.5,부산,0,2
2022년,2022-08-14,08:51,중부내륙선,114,창원,0,1
2022년,2022-08-18,13:33,순천완주선,71.2,완주,0,2
2022년,2022-08-19,05:56,경부선,355.3,서울,0,0
2022년,2022-08-22,04:12,제2중부선,332,하남,1,0
2022년,2022-08-24,00:15,익산장수선,43,익산,0,0
2022년,2022-08-24,01:20,중앙선,131.9,부산,0,0
2022년,2022-08-24,22:33,남해선,44.3,순천,0,0
2022년,2022-08-24,23:05,호남선,174.5,천안,0,1
2022년,2022-08-25,03:31,수도권제1순환선,103.9,일산,0,1
2022년,2022-08-25,13:20,부산외곽순환선,22.2,창원,1,0
2022년,2022-08-25,23:45,영동선,22.2,인천,0,0
2022년,2022-08-26,13:10,중앙선,114.7,춘천,0,1
2022년,2022-08-28,15:48,중부내륙선,224.8,창원,0,0
2022년,2022-09-01,09:42,영동선,199,인천,0,1
2022년,2022-09-01,15:19,중부선,280.1,통영,0,1
2022년,2022-09-02,01:20,경부선,356.2,부산,0,0
2022년,2022-09-03,07:00,중앙선,123.2,춘천,0,1
2022년,2022-09-04,02:05,청주영덕선,25.4,청주,1,1
2022년,2022-09-07,01:12,경부선,233.6,부산,0,0
2022년,2022-09-07,11:45,청주영덕선,54.1,청주,0,0
2022년,2022-09-09,10:39,평택제천선,119,제천,0,0
2022년,2022-09-14,10:30,호남선,108.4,순천,0,0
2022년,2022-09-15,03:53,경부선,129.5,서울,0,0
2022년,2022-09-19,13:09,중부선,361,하남,0,1
2022년,2022-09-21,14:56,중부선,202.1,하남,0,1
2022년,2022-09-22,06:15,부산포항선,77,포항,0,1
2022년,2022-09-23,00:09,호남선의 지선,29.2,대전,0,0
2022년,2022-09-23,06:53,경부선,261.5,서울,0,0
2022년,2022-09-23,13:30,경부선,210.8,서울,0,1
2022년,2022-09-26,14:02,영동선,133.6,인천,0,0
2022년,2022-09-27,02:32,울산선,1.8,울산,0,1
2022년,2022-09-29,02:16,익산장수선,0.4,장수,0,0
2022년,2022-09-29,10:06,남해선,157,부산,0,2
2022년,2022-09-29,20:30,중부선,291.1,통영,0,0
2022년,2022-09-29,22:20,중앙선,166.9,부산,0,1
2022년,2022-09-30,03:34,중부내륙선,185.6,양평,0,0
2022년,2022-09-30,14:13,경부선,42.3,부산,0,1
2022년,2022-10-01,06:15,대구외곽순환선,28.1,달서,0,0
2022년,2022-10-04,20:40,서해안선,325.3,서울,1,0
2022년,2022-10-05,15:25,남해선,14.6,순천,0,0
2022년,2022-10-06,06:05,중부선,150.8,통영,1,0
2022년,2022-10-08,06:44,남해선,5.2,영암,0,0
2022년,2022-10-09,23:15,영동선,10.2,인천,0,1
2022년,2022-10-11,18:48,영동선,214.8,강릉,0,1
2022년,2022-10-12,00:15,경부선,328,서울,0,0
2022년,2022-10-13,04:52,중부내륙선,42.6,창원,0,0
2022년,2022-10-13,08:40,중부내륙선,203.5,양평,0,0
2022년,2022-10-14,04:19,경부선,200,부산,1,0
2022년,2022-10-14,09:35,남해선,3.3,부산,0,0
2022년,2022-10-17,00:02,경부선,147,서울,0,1
2022년,2022-10-18,06:25,경인선,16.5,서울,0,1
2022년,2022-10-20,00:45,서울양양선,123,양양,0,1
2022년,2022-10-20,04:44,영동선,11.5,인천,1,0
2022년,2022-10-21,22:42,중부내륙선,74.8,양평,0,1
2022년,2022-10-24,10:47,중앙선,199.2,부산,0,1
2022년,2022-10-25,06:27,호남선,112.4,천안,0,1
2022년,2022-10-26,01:51,경부선,282,서울,1,0
2022년,2022-10-26,22:10,중부선,358.1,통영,0,1
2022년,2022-10-29,02:45,경부선,70.4,부산,0,1
2022년,2022-10-31,18:01,순천완주선,79,완주,0,0
2022년,2022-11-02,04:48,익산장수선,48.5,익산,0,1
2022년,2022-11-02,06:26,대구포항선,49.2,포항,0,0
2022년,2022-11-02,15:24,중앙선,166.1,춘천,0,1
2022년,2022-11-02,21:30,제2중부선,352.3,하남,0,1
2022년,2022-11-04,13:55,중앙선,285.1,부산,0,1
2022년,2022-11-04,17:01,서해안선,76.7,서울,1,0
2022년,2022-11-04,21:28,중부내륙선,157.4,창원,0,0
2022년,2022-11-07,07:04,익산장수선,0.67,익산,1,0
2022년,2022-11-07,12:01,수도권제1순환선,83.9,판교,0,1
2022년,2022-11-07,22:01,중부내륙선,212,양평,1,3
2022년,2022-11-08,05:17,호남선,166.2,천안,0,1
2022년,2022-11-08,21:16,청주영덕선,7.1,청주,1,0
2022년,2022-11-09,00:27,부산포항선,19.6,부산,0,1
2022년,2022-11-10,13:42,중부내륙선,263.4,양평,0,1
2022년,2022-11-10,14:45,경부선,268.9,부산,1,0
2022년,2022-11-11,02:40,청주영덕선,74.4,상주,0,0
2022년,2022-11-15,18:17,익산장수선,31.2,장수,1,1
2022년,2022-11-16,07:40,경부선,353.2,서울,0,0
2022년,2022-11-16,14:46,서해안선,311.2,서울,0,2
2022년,2022-11-21,08:40,중부선,253.3,하남,0,0
2022년,2022-11-22,14:25,호남선,176,천안,1,1
2022년,2022-11-23,01:05,중부선,329.2,통영,0,1
2022년,2022-11-23,13:33,영동선,61.2,강릉,3,0
2022년,2022-11-24,13:28,중부내륙선,206.1,창원,0,2
2022년,2022-11-24,16:40,광주대구선,132,대구,0,1
2022년,2022-11-25,12:40,영동선,72.4,강릉,0,1
2022년,2022-11-26,21:20,중부선,38.8,통영,0,0
2022년,2022-12-01,04:30,수도권제1순환선,112,판교,0,1
2022년,2022-12-01,12:40,광주대구선,82,대구,0,1
2022년,2022-12-04,09:24,광주대구선,156.9,대구,0,1
2022년,2022-12-05,20:33,중앙선,137,부산,0,1
2022년,2022-12-05,20:55,제2중부선,350.3,이천,0,1
2022년,2022-12-07,19:05,중앙선의 지선,10.5,양산,0,0
2022년,2022-12-14,03:58,제2경인선,0.01,인천,1,0
2022년,2022-12-14,06:25,수도권제1순환선,127.8,일산,0,2
2022년,2022-12-15,13:44,서해안선,86,목포,0,1
2022년,2022-12-16,06:35,중부선,98.4,하남,0,1
2022년,2022-12-16,06:55,동해선,46.2,근덕,0,1
2022년,2022-12-17,04:34,중부선,299.1,하남,0,1
2022년,2022-12-19,09:10,수도권제1순환선,81,판교,0,0
2022년,2022-12-24,19:07,부산외곽순환선,0.4,창원,0,1
2022년,2022-12-26,12:22,순천완주선,93.4,순천,0,0
2022년,2022-12-27,07:16,제2중부선,329.5,하남,0,1
2022년,2022-12-28,00:51,청주영덕선,39.8,상주,1,0
2022년,2022-12-28,04:45,호남선의 지선,4.6,대전,0,0
2022년,2022-12-31,06:49,울산선,2,울산,0,1
2022년,2022-12-31,20:23,중부선,109.6,통영,0,0
2023년,2023-01-02,06:17,경인선,12.1,인천,0,1
2023년,2023-01-02,19:26,영동선,202.5,인천,0,1
2023년,2023-01-03,06:35,중부내륙선,201.9,창원,0,1
2023년,2023-01-04,14:55,순천완주선,23.3,완주,0,0
2023년,2023-01-05,05:09,제2중부선,348,하남,0,0
2023년,2023-01-07,11:37,호남선,155.8,순천,0,1
2023년,2023-01-10,04:38,수도권제1순환선,79.2,일산,1,0
2023년,2023-01-14,12:09,서해안선,34.8,서울,0,1
2023년,2023-01-15,23:56,청주영덕선,63.7,청주,1,0
2023년,2023-01-16,13:10,청주영덕선,4.1,청주,0,0
2023년,2023-01-20,02:10,경부선,396.2,서울,0,0
2023년,2023-01-20,06:34,경부선,29,부산,0,1
2023년,2023-01-20,07:16,중앙선,163.3,부산,0,0
2023년,2023-01-21,16:31,부산포항선,25.7,포항,0,0
2023년,2023-01-23,15:34,중부내륙선,170,양평,0,0
2023년,2023-01-24,00:49,남해선,165.4,부산,0,0
2023년,2023-01-26,22:18,서해안선,147.4,서울,0,1
2023년,2023-01-28,08:50,서해안선,273.3,목포,0,1
2023년,2023-01-29,06:32,영동선,2.5,인천,0,2
2023년,2023-01-30,10:39,청주영덕선,39.5,청주,0,0
2023년,2023-02-02,01:05,남해제2지선,12.3,부산,0,1
2023년,2023-02-02,08:49,청주영덕선,66.3,청주,0,1
2023년,2023-02-04,16:10,중부선,340,통영,0,1
2023년,2023-02-06,14:52,중부내륙선,183,창원,0,0
2023년,2023-02-06,18:24,중앙선,286.2,부산,0,1
2023년,2023-02-08,09:50,대전남부순환선,4.8,산내,1,2
2023년,2023-02-09,14:09,부산포항선,37.5,부산,1,0
2023년,2023-02-10,06:47,서해안선,25.3,서울,1,0
2023년,2023-02-11,18:03,순천완주선,45.8,완주,0,0
2023년,2023-02-16,20:06,당진대전선,65.9,대전,0,0
2023년,2023-02-17,05:45,경부선,381.5,부산,0,1
2023년,2023-02-17,14:51,경부선,18.7,부산,0,0
2023년,2023-02-18,04:46,중부선,72.9,하남,0,1
2023년,2023-02-19,06:25,광주대구선,22.3,대구,0,1
2023년,2023-02-20,05:09,순천완주선,52,순천,0,0
2023년,2023-02-20,15:33,중부내륙선,27,양평,0,1
2023년,2023-02-21,16:43,호남선의 지선,17.7,대전,0,0
2023년,2023-02-22,08:33,서해안선,1.2,목포,0,1
2023년,2023-02-22,09:40,제2경인선,3.8,인천,0,1
2023년,2023-02-27,02:14,함양울산선,100.3,밀양,0,1
2023년,2023-02-27,18:19,청주영덕선,161.7,상주,0,0
2023년,2023-02-28,06:45,호남선의 지선,25.9,논산,0,1
2023년,2023-02-28,12:35,남해선,71,부산,0,0
2023년,2023-02-28,15:35,호남선,160.5,순천,0,1
2023년,2023-03-01,06:34,중앙선,251.5,춘천,0,1
2023년,2023-03-05,16:32,부산외곽순환선,2.4,기장,0,0
2023년,2023-03-06,16:45,남해선,77.1,순천,0,0
2023년,2023-03-07,05:30,광주대구선,133.2,대구,0,4
2023년,2023-03-07,06:39,서해안선,137,목포,0,1
2023년,2023-03-08,05:30,청주영덕선,56.8,상주,0,1
2023년,2023-03-10,02:21,중부내륙선,129,양평,1,0
2023년,2023-03-10,08:56,중부내륙선,199.1,양평,0,1
2023년,2023-03-12,10:40,서해안선,272.7,서울,0,1
2023년,2023-03-12,23:03,중앙선의 지선,4.4,양산,0,1
2023년,2023-03-13,12:32,순천완주선,56,완주,0,1
2023년,2023-03-13,15:35,경부선,414.5,서울,0,2
2023년,2023-03-15,14:50,서해안선,236,서울,0,1
2023년,2023-03-17,04:40,남해선,71.4,부산,0,0
2023년,2023-03-17,13:31,중부선,91,통영,0,0
2023년,2023-03-18,00:48,경부선,317.7,서울,1,0
2023년,2023-03-20,04:11,남해선,102.9,부산,0,0
2023년,2023-03-21,00:27,중부내륙선,180.9,창원,0,0
2023년,2023-03-21,06:14,중부내륙선,109.2,창원,0,1
2023년,2023-03-21,13:25,당진대전선,16,대전,0,0
2023년,2023-03-23,14:47,경부선,247.5,부산,0,1
2023년,2023-03-28,04:30,호남선,189.5,순천,0,0
2023년,2023-03-29,06:00,경부선,388.9,부산,3,1
2023년,2023-03-30,04:30,서해안선,328.7,서울,0,0
2023년,2023-03-31,05:05,중부선,247.8,통영,0,1
2023년,2023-04-01,06:37,중부내륙선,132.4,창원,0,0
2023년,2023-04-04,02:20,당진대전선,83.6,당진,0,1
2023년,2023-04-07,14:02,경부선,140.5,부산,0,0
2023년,2023-04-11,19:30,경부선,336.3,부산,0,0
2023년,2023-04-12,12:35,부산외곽순환선,41,창원,0,0
2023년,2023-04-13,07:10,남해선,46.4,순천,0,0
2023년,2023-04-13,13:15,서해안선,44.8,목포,0,1
2023년,2023-04-13,23:00,호남선,103,순천,0,1
2023년,2023-04-17,04:30,서천공주선,43.4,서천,0,1
2023년,2023-04-17,22:05,대구포항선,13.4,대구,1,0
2023년,2023-04-19,14:00,서해안선,126.4,서울,0,1
2023년,2023-04-20,00:28,중부내륙선,129.5,양평,0,1
2023년,2023-04-20,04:39,중앙선,304.8,부산,1,0
2023년,2023-04-20,12:40,중부내륙선,199,양평,0,0
2023년,2023-04-22,05:09,당진대전선,22,당진,0,0
2023년,2023-04-23,06:10,중부선,181.2,하남,0,1
2023년,2023-04-25,13:29,익산장수선,23.4,익산,0,1
2023년,2023-04-27,21:52,서해안선,214.6,목포,0,3
2023년,2023-04-29,04:15,수도권제1순환선,109.5,일산,0,0
2023년,2023-04-30,07:14,부산외곽순환선,23.7,창원,1,0
2023년,2023-05-03,20:39,서천공주선,48.8,공주,0,1
2023년,2023-05-05,02:30,서해안선,336.7,서울,0,0
2023년,2023-05-05,10:23,부산포항선,81.4,포항,0,0
2023년,2023-05-09,16:43,중부선,363.7,통영,0,1
2023년,2023-05-10,01:59,중부내륙선,256.2,창원,0,0
2023년,2023-05-10,04:14,중부선,359,하남,0,1
2023년,2023-05-10,08:52,남해선,91.3,영암,0,0
2023년,2023-05-10,22:44,광주대구선,133.1,대구,0,1
2023년,2023-05-11,06:55,대구포항선,47.9,포항,0,1
2023년,2023-05-12,00:25,남해제2지선,2.2,김해,0,0
2023년,2023-05-12,05:04,중부내륙선,247.8,양평,0,1
2023년,2023-05-12,16:14,중부선,52.2,하남,0,2
2023년,2023-05-12,17:15,호남선,132.3,순천,0,1
2023년,2023-05-15,07:10,경부선,61.7,서울,0,0
2023년,2023-05-17,05:25,울산선,12.7,울산,0,0
2023년,2023-05-17,13:49,중부선,208,통영,0,1
2023년,2023-05-18,16:30,중부선,134.1,통영,0,1
2023년,2023-05-20,02:35,영동선,23.7,인천,0,1
2023년,2023-05-23,16:35,서해안선,110.4,서울,1,0
2023년,2023-05-25,10:43,남해선,72.8,영암,0,0
2023년,2023-05-28,02:50,남해제2지선,14.2,김해,0,1
2023년,2023-05-30,02:58,수도권제1순환선,7.1,판교,0,1
2023년,2023-05-30,05:25,서해안선,334.3,목포,0,1
2023년,2023-05-31,21:40,경부선,322.5,부산,0,0
2023년,2023-05-31,22:48,광주대구선,140.8,광주,0,2
2023년,2023-06-03,05:54,울산선,7,울산,0,2
2023년,2023-06-03,09:15,서해안선,327.4,목포,0,0
2023년,2023-06-03,15:20,부산외곽순환선,48.5,기장,0,1
2023년,2023-06-06,17:48,익산장수선,13,익산,0,1
2023년,2023-06-07,15:17,경부선,152.3,부산,0,0
2023년,2023-06-08,03:30,영동선,164.4,강릉,0,2
2023년,2023-06-11,23:00,제2경인선,17.2,인천,0,0
2023년,2023-06-13,03:34,영동선,200.7,강릉,0,1
2023년,2023-06-13,06:57,울산선,1.8,울산,0,0
2023년,2023-06-14,22:17,평택제천선,3,평택,0,1
2023년,2023-06-15,09:55,중부내륙선,114.8,양평,0,0
2023년,2023-06-16,09:44,대구포항선,61,포항,0,1
2023년,2023-06-19,14:03,순천완주선,76.8,완주,0,0
2023년,2023-06-20,08:44,영동선,129.6,인천,0,1
2023년,2023-06-21,13:55,중앙선,287.7,부산,0,1
2023년,2023-06-21,14:46,서해안선,92.1,목포,0,0
2023년,2023-06-22,04:50,중부선,103.8,하남,0,0
2023년,2023-06-24,00:51,중부내륙선,208.3,창원,1,0
2023년,2023-06-27,07:03,서천공주선,3.4,서천,0,1
2023년,2023-06-28,05:00,동해선,92.2,근덕,0,0
2023년,2023-06-29,01:30,중부선,67.7,통영,0,0
2023년,2023-06-29,17:18,영동선,104.4,인천,0,0
2023년,2023-07-01,11:58,호남선의 지선,17.6,대전,0,1
2023년,2023-07-03,05:16,광주대구선,61.7,광주,0,1
2023년,2023-07-04,13:50,경부선,391.7,부산,0,1
2023년,2023-07-04,23:33,영동선,177.6,강릉,1,0
2023년,2023-07-06,03:57,경부선,311.5,서울,0,1
2023년,2023-07-06,13:55,중앙선,195.6,춘천,0,1
2023년,2023-07-07,18:27,부산포항선,56.2,부산,0,1
2023년,2023-07-08,02:53,서해안선,91.6,목포,0,0
2023년,2023-07-08,13:38,중부내륙선,283.4,창원,0,1
2023년,2023-07-08,14:41,경부선,316,서울,0,0
2023년,2023-07-11,06:10,호남선,64,천안,0,1
2023년,2023-07-12,03:30,익산장수선,47.5,익산,0,0
2023년,2023-07-19,21:45,중앙선,160.1,춘천,0,0
2023년,2023-07-20,23:11,서해안선,288.4,목포,0,0
2023년,2023-07-21,01:47,경부선,313.9,서울,0,0
2023년,2023-07-21,14:21,순천완주선,114,완주,0,1
2023년,2023-07-24,04:10,경부선,165.7,서울,0,1
2023년,2023-07-25,00:16,중부선,127.5,하남,0,0
2023년,2023-07-25,02:29,경부선,315.9,서울,1,0
2023년,2023-07-26,12:57,중부내륙선,179.5,창원,0,0
2023년,2023-07-27,13:55,경인선,18.2,인천,0,1
2023년,2023-07-28,18:25,중부내륙선,130.3,양평,0,1
2023년,2023-07-31,02:23,서해안선,83.2,목포,0,0
2023년,2023-08-01,15:33,경부선,340.5,서울,0,1
2023년,2023-08-04,09:15,당진대전선,55.9,대전,0,1
2023년,2023-08-05,09:42,경부선,10,부산,0,1
2023년,2023-08-05,13:07,동해선,59.8,속초,0,11
2023년,2023-08-06,17:04,경부선,184.6,부산,0,1
2023년,2023-08-07,00:30,익산장수선,8.7,익산,0,1
2023년,2023-08-08,14:34,영동선,95,인천,0,1
2023년,2023-08-09,00:16,중부내륙선,199.9,양평,0,1
2023년,2023-08-10,05:45,수도권제1순환선,117.7,판교,0,1
2023년,2023-08-13,01:58,중부내륙선의 지선,10,대구,0,1
2023년,2023-08-14,02:10,중앙선,171.1,춘천,0,1
2023년,2023-08-14,19:20,경부선,280.3,서울,0,2
2023년,2023-08-22,07:36,영동선,53.6,강릉,0,1
2023년,2023-08-25,03:20,중부내륙선,137.1,양평,0,0
2023년,2023-08-25,13:47,남해선,124.9,순천,0,1
2023년,2023-08-31,20:49,경부선,259,서울,0,2
2023년,2023-09-05,11:38,중부선,264.6,하남,1,1
2023년,2023-09-06,08:19,남해선,104.2,부산,0,0
2023년,2023-09-06,14:29,영동선,71.9,강릉,0,0
2023년,2023-09-06,15:15,제2중부선,350.5,하남,0,1
2023년,2023-09-08,00:26,서해안선,204.1,목포,0,0
2023년,2023-09-11,12:40,경부선,18.1,서울,0,0
2023년,2023-09-16,06:15,당진대전선,0.7,당진,0,1
2023년,2023-09-19,03:05,순천완주선,9.3,순천,0,0
2023년,2023-09-19,13:01,울산선,5,언양,0,0
2023년,2023-09-19,17:27,중부내륙선,85.6,창원,1,0
2023년,2023-09-22,05:17,경부선,208.2,부산,0,1
2023년,2023-09-22,19:31,서해안선,288.1,서울,0,3
2023년,2023-09-25,05:49,영동선,57.4,인천,0,1
2023년,2023-09-26,22:56,경부선,173.3,부산,1,1
2023년,2023-09-28,01:17,중부내륙선,39.4,창원,0,1
2023년,2023-10-03,04:26,중부내륙선,182.5,양평,1,0
2023년,2023-10-04,08:53,대구포항선,49.7,포항,0,1
2023년,2023-10-04,17:42,중부내륙선,146.7,창원,0,0
2023년,2023-10-05,10:58,서해안선,91.8,목포,0,0
2023년,2023-10-06,23:30,수도권제1순환선,84,일산,0,0
2023년,2023-10-09,17:58,수도권제2순환선,313.2,화도,0,0
2023년,2023-10-11,01:03,중부내륙선의 지선,13,현풍,0,2
2023년,2023-10-11,04:56,영동선,209.3,강릉,0,1
2023년,2023-10-11,19:24,중부선,25.5,하남,0,2
2023년,2023-10-13,07:28,중부내륙선,81.9,창원,0,0
2023년,2023-10-18,01:13,호남선의 지선,7.2,논산,0,0
2023년,2023-10-18,05:38,호남선의 지선,8.9,논산,0,0
2023년,2023-10-18,12:00,중앙선,312.8,춘천,0,3
2023년,2023-10-18,13:30,경부선,153,부산,0,0
2023년,2023-10-24,14:34,중앙선,115.2,춘천,0,1
2023년,2023-10-24,21:10,청주영덕선,5,상주,0,0
2023년,2023-10-25,09:36,동해선,0.2,근덕,0,5
2023년,2023-10-28,11:10,부산포항선,37.5,부산,1,0
2023년,2023-10-30,05:50,호남선,102.3,순천,0,0
2023년,2023-11-08,15:58,제2중부선,339,하남,0,1
2023년,2023-11-08,23:58,서해안선,87,목포,0,1
2023년,2023-11-09,02:17,경부선,58.9,부산,0,0
2023년,2023-11-11,12:53,서울양양선,19,서울,0,2
2023년,2023-11-11,15:57,서해안선,294.3,서울,0,1
2023년,2023-11-12,14:56,당진대전선,90,대전,0,0
2023년,2023-11-14,07:53,중부선,9.6,하남,1,0
2023년,2023-11-17,01:00,남해선,78.8,순천,0,0
2023년,2023-11-17,13:03,광주외곽순환선,7.4,광주,0,0
2023년,2023-11-19,14:30,수도권제1순환선,26.9,퇴계원,0,1
2023년,2023-11-20,04:10,수도권제1순환선,12.7,퇴계원,0,1
2023년,2023-11-20,10:55,순천완주선,94.8,완주,1,1
2023년,2023-11-22,05:10,대전남부순환선,5.7,산내,0,2
2023년,2023-11-23,21:03,당진대전선,52,대전,0,0
2023년,2023-11-24,02:10,광주대구선,133,대구,0,1
2023년,2023-11-24,03:07,중부내륙선,112.5,창원,0,1
2023년,2023-11-25,02:19,경부선,305,서울,0,1
2023년,2023-11-28,19:35,중앙선,374.7,춘천,0,2
2023년,2023-11-30,12:02,중부선,19.5,통영,0,1
2023년,2023-12-01,02:36,동해선,102.5,속초,0,0
2023년,2023-12-02,17:53,중앙선,213.6,춘천,0,0
2023년,2023-12-04,09:30,경부선,17.7,부산,0,1
2023년,2023-12-05,13:42,중부선,358.7,하남,0,0
2023년,2023-12-06,07:43,남해선,78.2,순천,0,1
2023년,2023-12-08,02:15,서해안선,149.37,목포,0,0
2023년,2023-12-08,02:25,중부내륙선,95.1,창원,1,0
2023년,2023-12-08,13:10,대구외곽순환선,20,달서,0,1
2023년,2023-12-09,13:54,경부선,359.8,서울,0,0
2023년,2023-12-10,06:05,경부선,321.4,서울,0,0
2023년,2023-12-14,06:29,중부내륙선,158.1,창원,0,0
2023년,2023-12-16,02:46,경부선,143.1,부산,0,0
2023년,2023-12-19,11:05,청주영덕선,74.1,청주,0,1
2023년,2023-12-19,15:34,중부선,0.1,통영,0,1
2023년,2023-12-21,05:28,순천완주선,41.8,순천,0,0
2023년,2023-12-21,06:15,수도권제1순환선,121.3,판교,0,1
2023년,2023-12-23,15:15,당진청주선,44,당진,0,0
2023년,2023-12-27,06:30,제2중부선,332.4,하남,0,2
2023년,2023-12-28,07:45,수도권제1순환선,93.5,일산,0,0
2023년,2023-12-28,12:20,호남선의 지선,52.8,대전,0,0
2024년,2024-01-01,16:41,중부내륙선,114.8,양평,0,0
2024년,2024-01-01,17:42,함양울산선,100.8,밀양,1,2
2024년,2024-01-02,13:45,광주대구선,116.7,대구,0,1
2024년,2024-01-03,06:06,중부내륙선,120,창원,0,1
2024년,2024-01-04,08:52,경인선,16.7,인천,0,1
2024년,2024-01-08,07:12,영동선,64.6,인천,0,1
2024년,2024-01-08,15:30,중부내륙선,260.5,양평,0,0
2024년,2024-01-09,00:43,중부내륙선,238,창원,0,2
2024년,2024-01-14,07:23,수도권제1순환선,119.8,판교,1,0
2024년,2024-01-17,23:24,호남선의 지선,53.5,대전,0,0
2024년,2024-01-19,15:40,경부선,138.7,서울,0,1
2024년,2024-01-22,02:47,중부내륙선,256,양평,0,1
2024년,2024-01-28,00:57,영동선,1.6,인천,0,0
2024년,2024-01-29,09:33,중부선,33.6,하남,0,1
2024년,2024-01-29,23:03,광주대구선,104.4,대구,0,1
2024년,2024-01-31,01:55,남해선,41.6,순천,0,0
2024년,2024-02-02,21:36,중부내륙선,280,양평,0,1
2024년,2024-02-04,17:30,서해안선,309.6,서울,0,1
2024년,2024-02-05,14:26,경부선,11,서울,1,1
2024년,2024-02-07,01:53,영동선,52.8,강릉,0,0
2024년,2024-02-08,11:38,청주영덕선,37.1,청주,0,1
2024년,2024-02-13,15:37,중부선,302.8,통영,1,0
2024년,2024-02-17,05:33,청주영덕선,23.7,청주,0,2
2024년,2024-02-25,17:40,대전남부순환선,1.2,서대전,0,1
2024년,2024-02-26,12:15,서해안선,288.6,서울,0,1
2024년,2024-03-08,11:43,호남선,5.8,순천,0,0
2024년,2024-03-09,08:50,서천공주선,58.9,서천,0,1
2024년,2024-03-10,04:26,순천완주선,60.2,완주,0,0
2024년,2024-03-10,18:39,광주대구선,143,대구,0,1
2024년,2024-03-14,20:00,남해선,30.2,순천,0,1
2024년,2024-03-15,12:02,경인선,15.1,인천,0,1
2024년,2024-03-16,03:42,중부선,364,하남,0,1
2024년,2024-03-16,04:30,중부내륙선,253.4,창원,0,1
2024년,2024-03-16,13:38,경부선,358.7,서울,0,2
2024년,2024-03-18,14:28,경부선,32,서울,0,1
2024년,2024-03-19,21:39,호남선의 지선,23,대전,0,1
2024년,2024-03-20,03:39,서해안선,281.4,서울,0,0
2024년,2024-03-20,10:15,중부내륙선,271,양평,0,2
2024년,2024-03-21,20:56,청주영덕선,35,청주,0,1
2024년,2024-03-26,13:11,영동선,79.3,강릉,0,1
2024년,2024-03-28,04:40,남해선,137,부산,0,1
2024년,2024-03-30,11:31,순천완주선,112.47,완주,0,1
2024년,2024-03-31,18:29,경부선,171,부산,0,1
2024년,2024-04-01,17:42,영동선,205,강릉,0,1
2024년,2024-04-02,08:40,남해선,100.3,순천,0,1
2024년,2024-04-03,01:08,중부선,362.5,통영,0,1
2024년,2024-04-03,13:56,호남선,154.8,천안,0,1
2024년,2024-04-09,15:50,광주대구선,152,대구,0,1
2024년,2024-04-09,20:57,함양울산선,131.2,밀양,0,2
2024년,2024-04-09,23:08,중부내륙선,36.4,양평,1,0
2024년,2024-04-11,07:38,울산선,1.9,울산,0,0
2024년,2024-04-16,07:05,동해선,8.4,근덕,0,1
2024년,2024-04-16,14:40,경부선,118.7,부산,0,1
2024년,2024-04-20,05:42,영동선,35.2,인천,0,1
2024년,2024-04-20,07:45,중부선,160.3,통영,0,1
2024년,2024-04-21,07:58,경부선,11.1,부산,0,1
2024년,2024-04-26,02:48,경부선,130,부산,0,0
2024년,2024-04-27,12:20,광주대구선,73.8,대구,0,1
2024년,2024-04-27,14:23,영동선,37.8,인천,0,0
2024년,2024-04-30,18:32,호남선,151,순천,0,1
2024년,2024-05-01,16:13,중부내륙선,174.5,양평,0,1
2024년,2024-05-02,05:14,서천공주선,50.4,서천,0,1
2024년,2024-05-03,05:48,중부내륙선,273,창원,0,0
2024년,2024-05-04,03:51,중부내륙선,187.6,양평,0,1
2024년,2024-05-04,06:59,중부선,325,하남,0,1
2024년,2024-05-04,09:49,중부선,328,통영,0,0
2024년,2024-05-09,14:20,영동선,154,인천,0,3
2024년,2024-05-11,04:40,영동선,107.7,강릉,0,1
2024년,2024-05-11,13:37,순천완주선,90,완주,0,2
2024년,2024-05-17,02:42,중부내륙선,116.8,양평,0,1
2024년,2024-05-17,03:50,영동선,67.1,인천,0,1
2024년,2024-05-18,01:18,중부내륙선,158.1,양평,1,0
2024년,2024-05-20,18:19,서해안선,331.5,서울,0,0
2024년,2024-05-21,06:51,서울양양선,103.1,양양,0,0
2024년,2024-05-21,14:55,제2경인선,0.8,인천,1,0
2024년,2024-05-21,16:40,중부선,361.5,하남,0,1
2024년,2024-05-22,22:34,함양울산선,125.8,울산,0,1
2024년,2024-05-23,19:23,영동선,58.8,인천,0,1
2024년,2024-05-24,01:05,중부내륙선,21,양평,0,0
2024년,2024-05-28,21:45,영동선,51,인천,0,1
2024년,2024-05-29,15:29,함양울산선,115.1,밀양,0,1
2024년,2024-05-30,15:40,서해안선,199.5,목포,0,0
2024년,2024-06-02,01:10,호남선의 지선,19.5,대전,0,0
2024년,2024-06-02,14:27,영동선,190.8,인천,0,7
2024년,2024-06-03,04:35,경부선,164,부산,0,1
2024년,2024-06-04,06:15,경부선,369,서울,0,1
2024년,2024-06-10,12:17,서해안선,255.7,목포,0,0
2024년,2024-06-11,22:24,서해안선,145.8,서울,1,0
2024년,2024-06-12,04:20,남해선,113.1,순천,0,0
2024년,2024-06-13,01:47,경부선,196,부산,0,1
2024년,2024-06-13,06:45,서해안선,64,목포,0,0
2024년,2024-06-14,03:05,중부내륙선,234.3,창원,0,1
2024년,2024-06-14,17:20,제2중부선,342.6,하남,0,0
2024년,2024-06-15,04:20,광주대구선,127,대구,0,2
2024년,2024-06-16,00:36,서해안선,138.9,목포,0,0
2024년,2024-06-22,01:18,중부내륙선,164.4,양평,0,1
2024년,2024-06-25,03:28,중부선,272.1,하남,1,0
2024년,2024-06-26,19:48,남해제2지선,5.8,김해,0,1
2024년,2024-06-27,15:48,평택제천선,1.6,평택,0,1
2024년,2024-07-01,15:05,경부선,386.4,부산,0,0
2024년,2024-07-04,01:40,호남선,173,순천,0,0
2024년,2024-07-11,00:40,경부선,355,부산,0,1
2024년,2024-07-11,12:02,중부내륙선,174.6,양평,1,0
2024년,2024-07-15,03:15,서울양양선,80,서울,0,2
2024년,2024-07-15,13:35,중부내륙선,144.5,창원,1,0
2024년,2024-07-17,14:26,중부내륙선의 지선,14.5,대구,0,0
2024년,2024-07-17,22:26,중부선,322.3,통영,0,0
2024년,2024-07-18,00:07,서해안선,16.9,목포,0,0
2024년,2024-07-19,10:41,영동선,131.4,강릉,0,2
2024년,2024-07-21,21:42,영동선,207,강릉,0,1
2024년,2024-07-22,04:58,서울양양선,45.3,서울,0,0
2024년,2024-07-22,13:38,남해선,69.8,영암,0,0
2024년,2024-07-26,00:59,중부선,271.9,하남,1,0
2024년,2024-07-28,04:45,평택제천선,19.7,제천,0,1
2024년,2024-07-28,22:21,서울양양선,124,양양,0,1
2024년,2024-07-29,02:30,경부선,131,부산,0,1
2024년,2024-08-01,05:05,중부선,353,하남,0,1
2024년,2024-08-01,17:20,경부선,369.6,서울,0,2
2024년,2024-08-02,11:44,중부선,354.4,하남,1,0
2024년,2024-08-02,14:42,서해안선,104,서울,0,1
2024년,2024-08-04,08:25,남해선,120.4,순천,0,1
2024년,2024-08-06,03:27,당진대전선,65,대전,0,0
2024년,2024-08-06,16:08,무안광주선,16.5,무안,1,0
2024년,2024-08-06,18:41,중앙선,125.2,부산,0,1
2024년,2024-08-08,12:31,무안광주선,36.7,광주,0,1
2024년,2024-08-09,09:43,익산장수선,43,장수,0,1
2024년,2024-08-10,09:00,경부선,38,서울,0,0
2024년,2024-08-12,08:13,순천완주선,52.2,순천,0,1
2024년,2024-08-12,09:40,남해선,83.1,부산,0,1
2024년,2024-08-13,05:05,중부선,110.1,하남,0,1
2024년,2024-08-13,15:42,중부선,108,하남,0,1
2024년,2024-08-14,09:25,대구포항선,0.1,대구,0,0
2024년,2024-08-14,12:40,중앙선,340.6,춘천,0,1
2024년,2024-08-16,03:39,호남선,15.5,천안,0,1
2024년,2024-08-16,15:17,영동선,180.3,인천,0,3
2024년,2024-08-19,09:50,평택제천선,115.6,제천,0,1
2024년,2024-08-24,05:40,영동선,160.1,강릉,0,1
2024년,2024-08-27,03:25,영동선,78.6,강릉,0,2
2024년,2024-08-29,13:39,호남선,164.6,순천,0,0
2024년,2024-08-30,06:59,경부선,5,서울,0,1
2024년,2024-08-31,00:48,중앙선,7.1,춘천,0,0
2024년,2024-09-02,15:35,서울양양선,32.8,양양,0,1
2024년,2024-09-03,16:00,경부선,364,서울,0,1
2024년,2024-09-03,22:02,중부내륙선,111.9,창원,1,1
2024년,2024-09-04,08:00,수도권제1순환선,114.2,판교,0,1
2024년,2024-09-04,14:30,경부선,275.8,서울,0,1
2024년,2024-09-05,23:20,영동선,74,강릉,1,0
2024년,2024-09-06,02:07,중부선,306.4,통영,0,0
2024년,2024-09-09,01:02,서해안선,285,목포,0,1
2024년,2024-09-09,15:16,경부선,108.3,서울,0,1
2024년,2024-09-10,20:59,중부내륙선,209.5,양평,1,2
2024년,2024-09-11,01:12,남해선,149.5,순천,0,1
2024년,2024-09-11,04:51,서해안선,102.2,목포,0,1
2024년,2024-09-12,13:30,영동선,57.7,강릉,0,0
2024년,2024-09-14,06:52,남해제2지선,11.2,김해,0,22
2024년,2024-09-14,18:21,중부내륙선,76.9,창원,0,1
2024년,2024-09-24,06:10,경부선,252.3,서울,0,0
2024년,2024-09-26,14:51,중앙선,374,춘천,0,0
2024년,2024-09-30,14:04,광주대구선,93.4,광주,0,1
2024년,2024-10-02,08:51,서해안선,239.4,목포,0,1
2024년,2024-10-03,03:30,경부선,367.7,부산,0,0
2024년,2024-10-04,04:07,수도권제2순환선,305.2,양평,1,0
2024년,2024-10-07,21:26,호남선,94,순천,0,1
2024년,2024-10-08,04:48,부산포항선,11.5,부산,1,0
2024년,2024-10-09,12:29,중부내륙선,217.5,창원,0,1
2024년,2024-10-10,00:30,서해안선,168.7,목포,0,0
2024년,2024-10-11,00:20,평택제천선,0.4,평택,0,0
2024년,2024-10-11,11:20,광주대구선,51,대구,0,1
2024년,2024-10-11,19:00,평택제천선,25.7,평택,0,1
2024년,2024-10-13,02:25,호남선,181.3,천안,0,1
2024년,2024-10-18,19:42,중부선,18.5,하남,0,1
2024년,2024-10-23,04:10,청주영덕선,46,청주,0,1
2024년,2024-10-25,20:20,남해선,25.7,순천,0,0
2024년,2024-10-30,16:27,중부선,203.3,통영,0,1
2024년,2024-10-30,22:43,중부선,258.3,하남,0,1
2024년,2024-11-02,08:22,중부선,127,통영,0,1
2024년,2024-11-03,18:40,순천완주선,89.6,순천,1,0
2024년,2024-11-04,12:00,광주대구선,142.1,광주,0,3
2024년,2024-11-05,09:42,중부선,147,통영,0,2
2024년,2024-11-06,02:15,중부선,333.4,통영,0,1
2024년,2024-11-08,08:43,서해안선,91.8,목포,0,1
2024년,2024-11-14,15:12,서울양양선,70.4,서울,0,3
2024년,2024-11-18,07:38,호남선,111,천안,0,1
2024년,2024-11-18,14:49,중부선,253.8,하남,0,0
2024년,2024-11-19,04:32,청주영덕선,23.2,상주,0,1
2024년,2024-11-19,05:58,호남선의 지선,43.8,대전,0,0
2024년,2024-11-19,07:45,남해선,116,순천,0,1
2024년,2024-11-20,21:17,경부선,14,부산,0,0
2024년,2024-11-22,12:26,중부선,347.4,통영,0,2
2024년,2024-11-23,04:23,제2경인선,22.7,인천,1,1
2024년,2024-11-23,10:11,호남선,173,순천,0,0
2024년,2024-11-23,15:52,남해선,100,순천,0,1
2024년,2024-11-24,19:51,서해안선,170,서울,1,0
2024년,2024-11-25,08:45,중부내륙선,212.8,창원,0,3
2024년,2024-11-25,09:27,대구포항선,39.4,대구,0,0
2024년,2024-11-25,16:23,경부선,301.5,부산,0,0
2024년,2024-11-26,02:57,경부선,269.3,서울,0,0
2024년,2024-11-28,04:12,호남선의 지선,32.8,대전,0,0
2024년,2024-11-30,02:31,중부내륙선,186,양평,0,0
2024년,2024-12-03,01:05,광주대구선,134,대구,1,0
2024년,2024-12-05,02:01,중부내륙선,169.5,양평,0,1
2024년,2024-12-07,02:27,청주영덕선,48.4,청주,1,0
2024년,2024-12-08,16:33,남해선,45.8,부산,0,1
2024년,2024-12-10,05:28,경부선,266.5,부산,0,0
2024년,2024-12-11,01:40,중부선,357,하남,0,0
2024년,2024-12-11,23:29,순천완주선,57.7,순천,0,0
2024년,2024-12-13,05:52,중부내륙선,97,양평,1,1
2024년,2024-12-15,00:21,동해선,3.1,근덕,0,1
2024년,2024-12-15,12:26,중부선,138.4,하남,1,2
2024년,2024-12-19,08:26,영동선,147.4,강릉,0,1
2024년,2024-12-23,04:22,서울양양선,42.2,서울,0,1
2024년,2024-12-23,12:15,부산외곽순환선,28,창원,0,1
2024년,2024-12-24,05:00,중부선,50.3,하남,0,1
2024년,2024-12-24,13:05,중부내륙선,200.2,양평,0,1
2024년,2024-12-25,18:15,영동선,232.5,강릉,0,2
2024년,2024-12-27,01:47,경부선,401,서울,1,0
