번호,설치년도,노선,이정,방향,명칭
1,2015,수도권제1순환선,76,내측,김포
2,2015,수도권제1순환선,77,외측,김포
3,2015,수도권제1순환선,95.8,내측,시흥
4,2015,수도권제1순환선,95.8,외측,시흥
5,2015,서해안선,327.5,서울,서서울
6,2015,서해안선,327.5,목포,서서울
7,2017,영동선,10.5,인천,군자
8,2013,영동선,30.2,강릉,이목
9,2014,영동선,45.1,강릉,용인
10,2011,서해안선,293.4,목포,향남
11,2020,평택제천선,18.3,평택,송탄
12,2020,평택제천선,18.3,제천,송탄
13,2013,경부선,379.6,부산,오산
14,2012,경부선,379.6,서울,오산
15,2012,경부선,371.8,부산,남사
16,2013,경부선,361.1,서울,원곡
17,2011,중부선,353.4,통영,번천
18,2012,중부선,353.3,하남,번천
19,2012,중부선,336.2,통영,도척
20,2012,중부선,336.2,하남,도척
21,2012,제2중부선,351.8,통영,상번천
22,2012,제2중부선,351.8,하남,상번천
23,2015,수도권제1순환선,121.5,외측,청계
24,2015,수도권제1순환선,5.1,외측,성남
25,2015,수도권제1순환선,26.9,내측,구리남양주
26,2020,구리포천선,31.6,포천,소흘
27,2020,구리포천선,31.6,구리,소흘
28,2014,영동선,89.5,강릉,생태습지
29,2012,영동선,99,인천,적금
30,2012,영동선,99,강릉,적금
31,2012,영동선,135.6,인천,소초
32,2012,영동선,135.6,강릉,소초
33,2013,영동선,167.3,인천,삽교
34,2013,영동선,167.3,강릉,삽교
35,2011,영동선,202.2,인천,월정
36,2012,영동선,202.2,강릉,월정
37,2016,영동선,214.2,인천,대관령
38,2016,영동선,226,강릉,대관령전망대
39,2012,중앙선,366.8,부산,홍천강
40,2011,중앙선,316,부산,만종
41,2011,중앙선,316,춘천,만종
42,2018,중앙선,345.1,춘천,횡성
43,2018,중앙선,346,부산,횡성
44,2014,서울양양선,70.4,서울,북방
45,2017,서울양양선,57.4,양양,동산
46,2022,서울양양선,13,양양,화도
47,2022,서울양양선,13,서울,화도
48,2022,서울양양선,52,서울,남산
49,2016,동해선,11.7,근덕,단봉
50,2016,동해선,109.3,삼척,강현
51,2016,동해선,109.3,속초,강현
52,2022,동해선,97.2,속초,손양
53,2017,서울양양선,106.4,양양,인제
54,2017,서울양양선,106,서울,인제
55,2017,서울양양선,141.1,양양,양양
56,2017,서울양양선,141.2,서울,양양
57,2014,영동선,76,인천,이천
58,2015,영동선,76.8,강릉,이천
59,2016,중부내륙선,279,양평,여주
60,2016,중부내륙선,279,내서,여주
61,2011,중부선,319,통영,모가
62,2011,중부선,319,하남,모가
63,2012,중부선,305.9,통영,일죽
64,2011,중부선,305.9,하남,일죽
65,2011,중부선,293.3,하남,대소
66,2011,중부선,279.2,하남,진천
67,2016,중부선,277.4,통영,농다리
68,2011,중부선,263.4,통영,오창
69,2011,중부선,263.4,하남,오창
70,2014,중앙선,287,춘천,봉양
71,2013,중부내륙선,257.8,내서,가남
72,2011,중부내륙선,245.7,양평,앙성
73,2015,중부내륙선,236.4,내서,노은
74,2015,중부내륙선,224.1,양평,대소원
75,2012,당진영덕선(청주영덕),16.6,청주,회인
76,2022,당진영덕선(청주영덕),23.7,영덕,수한
77,2012,당진영덕선(청주영덕),34.2,청주,탄부
78,2012,당진영덕선(청주영덕),34.1,영덕,탄부
79,2012,당진영덕선(청주영덕),59.7,영덕,상주
80,2012,당진영덕선(청주영덕),62.8,청주,상주
81,2014,평택제천선,93.5,평택,중앙탑
82,2014,평택제천선,93.5,제천,중앙탑
83,2015,평택제천선,124.6,평택,금성
84,2015,평택제천선,124.6,제천,금성
85,2019,평택제천선,54.3,평택,광혜원
86,2022,평택제천선,52.5,제천,광혜원
87,2012,중부내륙선,188,내서,문경
88,2011,중부내륙선,152,내서,사벌
89,2011,중부내륙선,149,양평,낙상
90,2021,중부내륙선,182.7,양평,문경
91,2014,경부선,355,부산,연곡
92,2012,경부선,350.4,부산,입장
93,2020,경부선,308,서울,옥산
94,2013,경부선,280.1,부산,신탄진
95,2012,호남지선,37.1,논산,서대전
96,2012,호남지선,44.8,회덕,유성
97,2012,호남지선,49.1,논산,북대전
98,2015,호남지선,49.1,회덕,북대전
99,2012,경부선,261.8,부산,옥천
100,2012,경부선,263.1,서울,옥천
101,2015,경부선,242,서울,청성
102,2012,경부선,214.6,부산,추풍령
103,2012,경부선,214.6,서울,추풍령
104,2016,대전남부순환선,12.4,산내,산내
105,2012,서해안선,265.9,목포,당진
106,2012,서해안선,265.6,서울,당진
107,2012,서해안선,257.9,서울,용연
108,2012,서해안선,230.8,목포,고북
109,2012,서해안선,229.2,서울,갈산
110,2018,서해안선,251.6,목포,서산
111,2015,당진영덕선(당진대전),81.4,대전,금남
112,2015,서천공주선,10.8,서천,시초
113,2015,서천공주선,34.9,공주,부여
114,2013,호남선,172.1,순천,삼례
115,2012,호남선,174.4,천안,삼례
116,2012,호남선,168.4,순천,전주
117,2013,호남선,168.4,천안,전주
118,2014,호남선,162.1,천안,서전주
119,2011,호남선,142.1,천안,태인
120,2013,호남선,137.8,순천,정우
121,2013,호남선,137.8,천안,정우
122,2013,호남선,118.9,순천,내장산
123,2012,호남선,123.6,천안,내장산
124,2016,새만금포항선(익산장수),34.8,익산,마이산
125,2016,새만금포항선(익산장수),35.4,장수,마이산
126,2012,통영대전선,176.3,통영,금산
127,2012,통영대전선,179,대전,금산
128,2011,통영대전선,160.3,통영,무주
129,2021,통영대전선,157.4,대전,무주
130,2012,호남지선,11.2,논산,논산
131,2012,호남지선,9.8,회덕,논산
132,2014,새만금포항지선,2,익산,완주
133,2014,새만금포항지선,2,장수,완주
134,2011,서해안선,126.7,목포,서김제
135,2011,서해안선,126.7,서울,서김제
136,2014,서해안선,91.7,목포,줄포
137,2014,서해안선,68,목포,고창
138,2012,서해안선,211.4,서울,광천
139,2012,서해안선,186.4,서울,무창포
140,2014,서해안선,176.1,목포,춘장대
141,2012,서해안선,176.4,서울,춘장대
142,2012,서해안선,154.8,목포,서천
143,2012,서해안선,154.4,서울,서천
144,2014,광주대구선,8.8,대구,담양
145,2011,호남선,97.2,순천,장성
146,2011,호남선,97.4,천안,장성
147,2022,호남선,70.9,천안,동광주
148,2012,호남선,61.5,순천,대덕
149,2015,호남선,43.2,천안,삼기
150,2015,호남선,43.2,순천,삼기
151,2016,고창담양선,14.2,고창,장성물류
152,2016,고창담양선,14.1,담양,장성물류
153,2011,고창담양선,32.4,고창,태령
154,2011,고창담양선,32.4,담양,태령
155,2011,호남선,20.3,천안,주암
156,2015,호남선,20.3,순천,주암
157,2016,남해선(순천부산),1.4,순천,순천
158,2012,남해선(순천부산),10.8,순천,광양
159,2011,남해선(순천부산),10.8,부산,광양
160,2012,서해안선,51.7,서울,영광
161,2012,서해안선,16.6,목포,몽탄
162,2012,서해안선,17.5,서울,몽탄
163,2013,남해선(영암순천),87.8,영암,벌교
164,2013,남해선(영암순천),25.3,순천,강진
165,2014,남해선(영암순천),23.4,영암,강진
166,2015,광주대구선,39.6,광주,대강
167,2012,경부선,207.4,부산,봉산
168,2012,경부선,207.1,서울,봉산
169,2011,경부선,189.9,부산,대신
170,2012,경부선,189.9,서울,대신
171,2012,경부선,178,부산,선기
172,2012,경부선,178,서울,선기
173,2012,경부선,162.6,서울,석적
174,2018,경부선,145,서울,지천
175,2011,경부선,130.5,부산,검단
176,2011,경부선,130.5,서울,검단
177,2018,경부선,92.7,부산,북안
178,2018,경부선,92.2,서울,북안
179,2018,경부선,146,부산,하빈
180,2022,대구외곽순환선,9.97,달서,칠곡
181,2022,대구외곽순환선,12.3,동대구,칠곡
182,2022,대구외곽순환선,31.28,달서,봉무
183,2022,대구외곽순환선,31.46,동대구,봉무
184,2012,중앙선,166.8,부산,안평
185,2012,중앙선,166.8,춘천,안평
186,2011,중앙선,136.8,부산,명곡
187,2011,중앙선,136.8,춘천,명곡
188,2015,중앙선,115.3,춘천,읍내
189,2012,새만금포항선(대구포항),25.5,포항,화산
190,2015,광주대구선,111.79,광주,남상
191,2015,광주대구선,115.49,대구,남상
192,2015,광주대구선,151.14,광주,쌍림
193,2015,광주대구선,157.76,대구,고령
194,2015,중앙선,210.4,춘천,보문
195,2015,중앙선,198.6,부산,풍산
196,2013,중앙선,243.8,부산,죽령
197,2013,중앙선,243.8,춘천,죽령
198,2012,중부내륙선,118.5,내서,아포
199,2012,중부내륙선,120.2,양평,선산
200,2014,중부내륙선,106,내서,오봉
201,2012,중부내륙선,55.6,양평,개진
202,2016,당진영덕선(청주영덕),111.8,영덕,삼춘
203,2016,당진영덕선(청주영덕),123.4,청주,하화
204,2016,당진영덕선(청주영덕),145.3,영덕,묵계
205,2016,당진영덕선(청주영덕),169.4,청주,지품
206,2016,당진영덕선(청주영덕),173.3,영덕,수암
207,2017,부산외곽순환선,47.7,기장,일광
208,2017,부산외곽순환선,47.8,창원,일광
209,2016,남해선(순천부산),153.8,순천,김해
210,2016,남해선(순천부산),153.8,부산,김해
211,2014,남해선(순천부산),126,부산,북창원
212,2011,남해선(순천부산),141.2,부산,진례
213,2011,남해선(순천부산),141.7,순천,진례
214,2011,남해1지선,15.3,산인,창원
215,2011,남해1지선,15.3,창원,창원
216,2011,남해선(순천부산),49.8,순천,곤양
217,2011,남해선(순천부산),49.8,부산,곤양
218,2013,남해선(순천부산),85.8,순천,지수
219,2012,남해선(순천부산),86.1,부산,지수
220,2015,통영대전선,121.1,통영,서하
221,2015,통영대전선,120.1,하남,서하
222,2012,통영대전선,101.7,통영,수동
223,2014,통영대전선,101.7,하남,수동
224,2012,통영대전선,90.8,통영,금서
225,2015,통영대전선,90.8,하남,금서
226,2014,통영대전선,57.3,하남,진주
227,2014,통영대전선,57.3,통영,진주
228,2014,울산선,4,언양,울산
229,2012,울산선,4,울산,울산
230,2011,중부내륙선,51.2,창원,현풍
231,2014,중부내륙선,34,양평,창녕
232,2015,중부내륙선,36,창원,창녕
233,2012,통영대전선,39.8,통영,금곡
234,2015,통영대전선,39.6,하남,금곡
235,2015,통영대전선,16,통영,고성
236,2014,통영대전선,16,하남,고성
237,2018,경부선,61.8,서울,내남
238,2018,경부선,43.2,부산,언양
239,2012,경부선,37.5,서울,삼남
240,2015,경부선,13.8,부산,양산
241,2014,경부선,13.7,서울,양산
242,2023,당진영덕선(당진청주),35.7,당진,배방
243,2023,당진영덕선(당진청주),35.6,청주,배방
244,2023,광주대구선,90.3,광주,함양
245,2024,수도권제2순환선,14.6,파주,서양주
246,2024,수도권제2순환선,14.6,양주,서양주
247,2024,세종포천선,89.2,세종,양지
248,2024,세종포천선,89.2,포천,양지
