연도,월,경기전반체감,경기전반전망,매출체감,매출전망,자금사정체감,자금사정전망,비용상황체감,비용상황전망,구매고객수 체감,구매고객수 전망,재고체감,재고전망,고용체감,고용전망,영업이익체감,영업이익전망,원재료조달사정체감,원재료조달사정전망,구매고객수체감,구매고객수전망,농산물체감,농산물전망,축산물체감,축산물전망,수산물체감,수산물전망,가공식품체감,가공식품전망,의류 신발체감,의류 신발전망,가정용품체감,가정용품전망,음식점체감,음식점전망,기타소매업 근린생활서비스체감,기타소매업 근린생활서비스전망,서울체감,서울전망,부산체감,부산전망,대구체감,대구전망,인천체감,인천전망,광주체감,광주전망,대전체감,대전전망,울산체감,울산전망,세종체감,세종전망,경기체감,경기전망,강원체감,강원전망,충북체감,충북전망,충남체감,충남전망,전북체감,전북전망,전남체감,전남전망,경북체감,경북전망,경남체감,경남전망,제주체감,제주전망
2013,1,42.2,70.7,41.4,87.5,48.8,70.4,,,,,,,,,46.8,72.6,,,40.7,70.3,42,76.4,50,78.6,73.3,89,42.6,68.6,30,60,40.6,69.6,40,77.3,43.4,70,,,,,,,,,,,,,,,,,,,,,,,,,,,,,,,,,,
2013,2,50.2,82.6,50.6,87.5,54.2,92.8,,,,,,,,,54.1,81.7,,,49,86.2,59.8,104,66.7,103.9,66.7,98,53.4,91.9,33.9,66.9,44.3,81.7,42.6,71.2,57,78.1,,,,,,,,,,,,,,,,,,,,,,,,,,,,,,,,,,
2013,3,55,97.3,53.4,103,55.5,87.6,,,,,,,,,58.4,93.4,,,52.6,98.4,49.6,94.3,44.5,85.2,42.9,78.3,55.2,94.8,54.4,105,46.3,89.5,55.5,99.6,68.8,102.7,,,,,,,,,,,,,,,,,,,,,,,,,,,,,,,,,,
2013,4,61.7,100.3,61.1,105.8,59.4,88.5,,,,,,,,,63.4,94.5,,,60.5,99.8,64.6,100.4,54.8,97.9,69.3,91.2,69.7,90.8,55.3,108.5,47.9,93.6,58.3,96.6,68.3,101.6,,,,,,,,,,,,,,,,,,,,,,,,,,,,,,,,,,
2013,5,65.5,93.8,68.4,99.5,62.6,86.4,,,,,,,,,64.5,90.2,,,65.8,94.5,63.3,88.6,55.3,102.2,45.9,82.5,67.8,93.1,80,103.7,53.7,86.9,56.1,94.7,67,90.4,,,,,,,,,,,,,,,,,,,,,,,,,,,,,,,,,,
2013,6,57,84,57.2,83.7,60,81.8,,,,,,,,,62.3,83.7,,,55.4,82.3,59.1,85.6,54.3,84.6,37.7,64.4,59.7,84.9,61.1,96.4,58.4,75.7,51.9,87.5,60.4,76.5,,,,,,,,,,,,,,,,,,,,,,,,,,,,,,,,,,
2013,7,47.9,65.3,47.6,66.4,54.2,69,,,,,,,,,52.3,72.9,,,44.8,64.3,48.8,73.8,59.5,87.5,38.2,62,49.7,61.6,46.1,62.4,51.8,62,45,65.7,51,61.8,,,,,,,,,,,,,,,,,,,,,,,,,,,,,,,,,,
2013,8,41.6,62.8,40,65.4,44.7,62.2,,,,,,,,,43.8,66.5,,,40.7,61.1,49.6,76.3,56,74.3,37.2,69.4,50.8,71.6,32,50.2,40.8,56.4,44.8,65.4,42,60.5,,,,,,,,,,,,,,,,,,,,,,,,,,,,,,,,,,
2013,9,68.6,101.6,70.2,112.1,64.2,88.8,,,,,,,,,67.7,100.2,,,68.8,109.1,85.9,114.3,74,95.5,88.8,125.4,90.3,116.4,45.1,85.8,66.1,92.5,62.8,95.5,70.7,103.1,,,,,,,,,,,,,,,,,,,,,,,,,,,,,,,,,,
2013,10,58.1,92.9,58,98.7,60.5,87.8,,,,,,,,,64.3,92.7,,,57.8,94.3,50.3,75.9,50.2,73.2,43.8,79.3,68.4,93.5,56.3,105.8,59.4,93.1,56,102.7,70.4,94,,,,,,,,,,,,,,,,,,,,,,,,,,,,,,,,,,
2013,11,67.3,96.9,71.9,105.1,68.6,92.2,,,,,,,,,72.8,98.2,,,68.6,99,69.5,100,79.1,95.3,77.2,92,77.3,98.2,67.4,107.2,69.2,99.4,55.9,87,60.2,88.1,,,,,,,,,,,,,,,,,,,,,,,,,,,,,,,,,,
2013,12,53.1,82.4,55.8,86.2,58.5,82.1,,,,,,,,,65.2,84.7,,,52.4,84.3,52.9,79.9,55,86,65.9,86.4,50,73.7,53.6,94.4,50.4,81.3,50,78.7,49.9,72.4,,,,,,,,,,,,,,,,,,,,,,,,,,,,,,,,,,
2014,1,57.3,74.6,74.9,76.9,77.4,71.6,,,,,,,,,76.4,79.4,,,65.7,76.4,60.9,85,55.1,98,56.5,104,68.5,81.9,51.8,60.2,57.5,76.8,59.9,65.3,58.4,68.4,,,,,,,,,,,,,,,,,,,,,,,,,,,,,,,,,,
2014,2,63.3,76,66.8,75,75.5,77.1,,,,,,,,,71.7,77.9,,,65.7,74.6,57.6,73.7,56.5,74.6,52,74.3,68.7,80.9,62.6,76,72.3,74.8,68.1,76.9,65.6,76.6,,,,,,,,,,,,,,,,,,,,,,,,,,,,,,,,,,
2014,3,86.7,92,87.2,93.5,88.1,92.4,,,,,,,,,88.1,92.2,,,88.2,93.3,88.6,88.3,80,86,78.8,90.6,93.5,91.7,79.7,87.6,86.7,99,87.2,98,94.2,93.5,,,,,,,,,,,,,,,,,,,,,,,,,,,,,,,,,,
2014,4,54.8,92.6,49,93,57.1,91.9,,,,,,,,,60.6,82.5,,,55,93.4,48.8,94.5,49.4,95.3,42.9,87.4,55.2,95.1,62.1,87.2,54.2,91.7,59.1,93.6,59.1,96.1,,,,,,,,,,,,,,,,,,,,,,,,,,,,,,,,,,
2014,5,65.5,76.4,63.2,78.2,67.6,75.3,,,,,,,,,68.8,76.8,,,68.5,79.2,57.9,80.3,69,87.4,44.3,58.5,64.9,74.7,85.7,101.6,70.1,73.8,65.1,70.2,62.2,78.8,,,,,,,,,,,,,,,,,,,,,,,,,,,,,,,,,,
2014,6,59.3,76.5,56,76.8,61.9,77.7,,,,,,,,,59,79.3,,,57.9,77.7,62.6,79.1,59.2,93.1,54.7,61.3,62.9,61.3,60.8,93,64,84.6,57.1,76.6,55.2,71.2,,,,,,,,,,,,,,,,,,,,,,,,,,,,,,,,,,
2014,7,48.2,85.9,44.1,84.6,50.7,83,,,,,,,,,48.6,83.6,,,46.3,85.8,50.4,89,54,95.4,47.2,84.4,41.8,88.7,47.5,87.9,53.7,91.1,47.6,83.3,45.6,75.9,,,,,,,,,,,,,,,,,,,,,,,,,,,,,,,,,,
2014,8,65.5,74,58.6,71.7,64.3,71.3,,,,,,,,,63.1,71,,,63,72.3,76,82.7,78.7,86.2,76.4,90.6,76.3,69.6,39.2,62.1,62.6,71.5,73.8,81.3,58.8,62.2,,,,,,,,,,,,,,,,,,,,,,,,,,,,,,,,,,
2014,9,103.8,118.3,102.6,115.3,98.4,106.7,,,,,,,,,99.5,113,,,103.3,120.8,118.1,131.1,127.6,125.3,129.7,137.3,117.5,124.2,86.3,108.3,98.1,124.3,84.5,104,92.2,107.5,,,,,,,,,,,,,,,,,,,,,,,,,,,,,,,,,,
2014,10,75.9,109.1,74.7,107.4,75.4,106.2,,,,,,,,,76.5,107,,,75.6,108.5,64.2,96.1,64.4,93.7,72.2,103.8,86.1,105.7,80.6,124.5,79,113.1,73.4,111.5,81.6,112.7,,,,,,,,,,,,,,,,,,,,,,,,,,,,,,,,,,
2014,11,81.7,105.2,80.7,104.9,79.9,101.6,,,,,,,,,80.9,103,,,82,105,86.2,107.5,79.3,109.8,84.9,106.1,95.4,110.8,79.9,116.9,86,106.1,72.2,94.8,76.2,95.1,,,,,,,,,,,,,,,,,,,,,,,,,,,,,,,,,,
2014,12,73.6,94,74.4,94.3,76.2,92.4,,,,,,,,,76.5,94.8,,,72.7,95.4,71.3,96.5,79.9,93.7,77.8,95.8,71.1,87.1,84.1,100,68.7,91.1,71.8,92.5,66.6,92.5,,,,,,,,,,,,,,,,,,,,,,,,,,,,,,,,,,
2015,1,66.8,90.6,62,89.5,69.5,91.2,,,,,,,,,67.2,90.4,,,65.8,90.9,70.1,91.7,71.3,90.2,76.9,105.7,72.7,92.8,51.3,80.3,63.6,91.1,67.5,89.7,68.1,89.1,,,,,,,,,,,,,,,,,,,,,,,,,,,,,,,,,,
2015,2,92.5,107.5,92.8,106,90.3,101.2,,,,,,,,,93,104.4,,,93.5,107.7,117.7,129.5,112.6,129.9,126.4,131.6,102.6,115.5,71.3,91.4,83.2,102.8,73.4,82.1,77.7,97.7,,,,,,,,,,,,,,,,,,,,,,,,,,,,,,,,,,
2015,3,62.4,101.7,63.7,102.4,65.7,101.9,,,,,,,,,68.5,100.6,,,67.1,102.5,63,95.7,50,81,46.7,80.2,55.7,91.8,66.2,115,56.5,107.5,61.9,104.4,80.1,116.1,,,,,,,,,,,,,,,,,,,,,,,,,,,,,,,,,,
2015,4,62.5,98.6,61,99.7,62,93.7,,,,,,,,,61.9,96.9,83.6,,65.4,102.4,65.4,93.3,52.3,104.6,58.5,80.2,59.8,88.1,70.1,113.7,50,92.1,61.5,95.2,70.2,108.3,,,,,,,,,,,,,,,,,,,,,,,,,,,,,,,,,,
2015,5,69.8,85.7,70.3,85,69.1,82.2,,,,,,,,,69.7,85.7,83.8,89.7,70.2,86.2,63.8,92.5,69.5,77.6,54.2,69.8,64.9,78.9,90.1,98.1,61.2,72.9,59.5,90.9,79.8,90.4,,,,,,,,,,,,,,,,,,,,,,,,,,,,,,,,,,
2015,6,29.4,74.2,30.9,74,38.1,70.9,,,,,,,,,32.1,72.3,61.3,88,30.7,73.1,27.6,72.4,46.6,78.2,22.2,55.7,18,77.3,27.4,84.7,29.9,82.7,25.8,66.7,36.3,73.8,,,,,,,,,,,,,,,,,,,,,,,,,,,,,,,,,,
2015,7,63.9,56.5,64.3,56.8,59.5,56,,,,,,,,,62.5,56.2,76.8,68.7,63.2,56.9,59.1,66.9,63.2,78.7,57.5,60.8,61.3,42.3,70.7,53.2,62.6,54.7,71.4,52.4,62.2,50.5,,,,,,,,,,,,,,,,,,,,,,,,,,,,,,,,,,
2015,8,61.9,80.9,62.4,80.9,61.1,77.9,,,,,,,,,62.8,79.8,78.4,84.5,63.4,78.4,61.4,90.9,73,90.2,74.1,90.1,55.7,80.9,58.6,71,56.1,73.8,73.8,84.9,51.6,74.1,,,,,,,,,,,,,,,,,,,,,,,,,,,,,,,,,,
2015,9,79.5,106.7,81.2,108.8,73.8,101.3,,,,,,,,,80.8,109.2,87.3,99.8,82.6,109.9,83.9,113.4,79.3,87.4,113.2,143.4,87.1,125.8,57,95.9,90.7,101.4,69.4,97.2,73.1,99,,,,,,,,,,,,,,,,,,,,,,,,,,,,,,,,,,
2015,10,65.5,87,64.9,86.1,65,86.8,,,,,,,,,64.8,86.1,86.9,95.5,64.9,87.5,47.6,73.2,58,70.1,64.2,76.9,64.9,90.2,67.8,99.7,71,104.7,67.1,84.5,75.4,89.1,,,,,,,,,,,,,,,,,,,,,,,,,,,,,,,,,,
2015,11,76,100.2,76.7,100.6,74.8,95.8,,,,,,,,,76.5,100,86.2,100,75.5,99.8,78.3,102.8,83.9,106.3,97.6,103.3,92.8,94.8,63.7,112.7,80.4,101.4,62.7,96,66.6,88.3,,,,,,,,,,,,,,,,,,,,,,,,,,,,,,,,,,
2015,12,62.3,91.9,61.7,90.6,62.8,89.7,,,,,,,,,61,90.9,78.5,94.7,61.9,89.9,71.3,92.5,67.8,101.7,64.6,92.5,57.7,91.8,66.2,99,60.3,90.7,50.4,90.9,60.6,82.4,,,,,,,,,,,,,,,,,,,,,,,,,,,,,,,,,,
2016,1,72,70.5,73.4,70.1,77.6,70.1,,,,,,,,,75.5,70.1,84.5,81.1,74.7,70.6,76.3,66.5,78,67.8,64,78.3,80.7,70.6,87.7,61.8,67.1,69.2,59.2,76.6,75.9,73.6,,,,,,,,,,,,,,,,,,,,,,,,,,,,,,,,,,
2016,2,91.5,101.5,91.4,100.2,91.2,99.7,,,,,,,,,92.1,99.3,91.9,100.4,92.1,101.8,110.6,108.2,113.8,96.3,108,93,103.6,120.5,75.5,114.6,82.7,87.3,72.2,87.3,84.2,121.3,,,,,,,,,,,,,,,,,,,,,,,,,,,,,,,,,,
2016,3,74.6,102.7,75.9,103.3,77.5,101.5,,,,,,,,,75.9,102.5,89.7,105,74.9,102.9,75.6,92.5,65.5,85.6,61.8,85.8,79.4,93.3,82.8,115.3,65.9,106.1,65.9,105.2,86.3,117.4,,,,,,,,,,,,,,,,,,,,,,,,,,,,,,,,,,
2016,4,76.8,106.6,80.2,107.1,80.7,105.1,,,,,,,,,80.8,106.5,90.1,107.2,81,108.5,81.1,107.1,70.1,104.6,66.5,97.6,75.8,107.7,85,119.7,71.5,103.3,67.5,101.6,85.5,105.7,,,,,,,,,,,,,,,,,,,,,,,,,,,,,,,,,,
2016,5,78.8,105.6,79.2,106.1,77.8,104.8,,,,,,,,,79.2,105.1,85.6,105,77.8,106.3,79.9,104.3,74.7,111.5,67.5,95.8,74.2,104.1,93,119.4,77.1,104.2,71,100.8,82.9,102.6,,,,,,,,,,,,,,,,,,,,,,,,,,,,,,,,,,
2016,6,62.7,84.4,62.4,84.1,65.4,84.5,,,,,,,,,63.1,84.6,79.6,90.5,62.6,84.8,72,86.2,54,90.8,48.1,75,61.3,82.5,77.7,91.1,66.8,86.4,55.6,85.3,59.3,79,,,,,,,,,,,,,,,,,,,,,,,,,,,,,,,,,,
2016,7,63.8,79.2,63.8,78.6,65.3,78.9,,,,,,,,,64,79,79.3,86.2,62.8,78.4,72,92.1,66.7,94.8,46.2,64.2,66.5,74.2,67.5,81.5,64,78,60.3,75,64.5,75.6,,,,,,,,,,,,,,,,,,,,,,,,,,,,,,,,,,
2016,8,56.9,79.2,58.7,78.3,60.9,78.4,,,,,,,,,59.7,77.5,77.9,88.2,57.4,77.2,64.6,93.7,54.6,87.4,57.5,80.2,57.2,76.3,50.6,65,50.5,82.2,56,81,61.4,75.4,,,,,,,,,,,,,,,,,,,,,,,,,,,,,,,,,,
2016,9,91,120.7,91.7,120.3,94.3,115.8,,,,,,,,,93.5,119.9,93.9,113.1,86.9,121.7,110.6,132.7,108,123,102.8,137.3,107.7,134,69.1,110.2,83.2,113.6,79,105.6,85.5,118.1,,,,,,,,,,,,,,,,,,,,,,,,,,,,,,,,,,
2016,10,75,103.9,74.6,102.5,75.4,101.4,,,,,,,,,75,102.7,87.8,106.7,73.9,102.5,69.7,90.2,56.9,87.9,67.9,92.5,76.3,104.1,82.2,119.1,80.8,104.7,77,113.9,79.3,107,,,,,,,,,,,,,,,,,,,,,,,,,,,,,,,,,,
2016,11,77.5,107,78.1,107,78.5,105.4,,,,,,,,,78.4,106.5,82.2,107.9,77.8,107.2,86.6,106.3,75.3,105.7,93.9,110.8,86.6,110.3,76.1,119.4,63.6,102.8,67.1,101.2,74.6,100,,,,,,,,,,,,,,,,,,,,,,,,,,,,,,,,,,
2016,12,62,94,61.6,94.5,62.8,93,,,,,,,,,61.9,93.9,74,94.2,60.5,94.6,65,96.1,62.1,90.8,64.6,92.9,64.4,91.2,56.4,105.4,60.7,86.4,64.7,92.5,60.6,91.7,,,,,,,,,,,,,,,,,,,,,,,,,,,,,,,,,,
2017,1,75.4,94.4,75.9,94.2,75.5,92.9,,,,,,,,,76,94.3,77.3,96.1,77,95.3,83.1,111.4,91,112.6,113.2,112.3,93.5,107.2,51,83.1,67.2,85.5,60.2,81,65.6,81.3,67.3,,73.4,,69.9,,72.5,,81.6,,59.8,,77.3,,78.3,,73.7,,83.8,,87.7,,74.4,,77,,76.9,,75.8,,79.3,,84.8,
2017,2,50.2,74.8,50.3,74.1,52,74.6,,,,,,,,,50.1,74.4,75.5,78.4,50.9,74,51.2,74.4,42.7,71.9,50,61.3,53.9,70.6,44.4,72.8,50.8,77.3,52.6,77,52.8,85.5,43.3,75,46.7,75.7,44.2,76.3,53.6,75.4,46.9,80.6,59.8,79.3,49.1,63.6,45,70,46.9,78.1,44.6,79.1,58,72.5,57.7,78.2,52.4,67.5,50.5,73.1,55.7,76.3,51.1,73.4,59.8,70.7
2017,3,74.9,83,75.6,83.2,75.2,82.5,,,,,,,,,75.2,83,87.1,90,76.7,83.9,74.6,78.6,71.9,79.8,68.4,71.1,70.3,81.7,84.1,96.7,73.9,76.5,74.7,79.5,76.1,90,68,81.3,67.3,71.5,71.8,76.3,75.4,86.2,80.6,92.9,81.5,92.4,64.5,78.2,88.3,108.3,72.8,83,72.3,78.4,89.9,94.2,85.3,85.9,66.7,73,81.3,90.7,77.3,83.5,74.5,79.3,73.9,80.4
2017,4,60.8,97.8,60.4,97.5,61.1,95.6,,,,,,,,,60.4,96.8,73,98.4,60.7,97.8,58.5,96.8,62.4,96.6,61.3,86.8,60.1,98.4,64.6,109.2,55.5,95.4,54.8,94.3,66.5,99.6,58.1,100.4,46.7,96.3,62.8,94.9,69.9,102.9,56.1,98,48.9,104.3,60.7,93.6,65,100,54,107.6,58.8,91.9,71.7,101.4,65.4,95.5,56.3,99.2,76.9,97.3,56.2,91.2,58,91.5,84.8,98.9
2017,5,64.8,89.7,63.8,87.9,63.2,86.7,,,,,,,,,63.3,87.9,84.4,90.3,63.5,88,61.7,90,65.7,94.4,57.9,86.8,58.5,90.8,77.9,95.1,65.1,90.3,59.4,88.6,68.4,84.6,71.1,93.3,58.4,84.6,64.1,88.5,68.1,91.2,63.3,77.6,65.2,78.3,67.3,92,68.3,88.3,65.2,97.3,68.2,97.3,68.8,91.3,63.5,89.7,54,91.3,65.9,91.8,61.3,84.5,55.9,81.9,81.5,101.1
2017,6,50.9,78.6,49.8,78.4,50.8,77.2,,,,,,,,,49.5,77.7,71.1,88.7,50.3,77.1,47.8,81.6,30.3,79.2,40.6,64.7,50,75.8,54.6,86.9,58,84,55.7,77.3,57.7,76.7,52.8,82.7,43.9,70.1,53.2,81.4,52.9,88.4,49,76.5,55.4,68.5,48.2,81.8,38.3,90,46,82.6,54.1,86.5,58.7,85.5,48.7,72.4,50,74.6,58.2,71.4,51,75.8,43.6,67.6,64.1,92.4
2017,7,41.5,72.6,41.7,71.8,42.7,71.7,,,,,,,,,40.8,71.8,62.4,81.6,41.7,70.1,36.8,74.6,46.1,82.6,27.1,69.2,33.7,67.3,51.3,71.3,41.6,71.8,42.3,72.7,48.3,73.7,42.3,71.5,37.9,64,44.9,72.4,40.6,72.5,37.8,57.1,43.5,68.5,36.4,69.1,50,56.7,39.7,67.4,45.3,83.1,39.1,76.8,48.1,74.4,44.4,76.2,35.2,83,40.2,75.8,38.8,73.4,53.3,83.7
2017,8,53.7,68.7,53,67.8,54.4,67.4,,,,,,,,,52.3,67.6,78.1,76.5,53.7,66.8,58.5,77.9,55.1,80.9,70.7,77.8,58.2,65,34.1,47.7,47.9,66.4,59.4,73.3,51.5,68.8,49.3,54.2,50.5,60.7,50.6,66.7,52.2,69.6,60.2,64.3,56.5,55.4,52.7,56.4,51.7,70,51.8,62.5,56.8,83.1,52.2,77.5,61.5,78.2,55.6,73.8,51.6,83.5,55.7,79.9,53.2,69.1,62,68.5
2017,9,80.7,107.7,80.7,107.8,80.8,105.5,,,,,,,,,80.6,107.3,99.7,103.7,83,107.9,82.6,109.2,80.9,100,106,117.7,83,109.8,68.7,100,83.6,108.4,67.9,109.9,81.4,106.6,75.4,110.9,75.7,108.4,76.9,111.5,77.5,104.3,87.8,116.3,79.3,109.8,79.1,96.4,81.7,98.3,77.7,116.1,77.7,100.7,90.6,109.4,87.2,105.1,90.5,102.4,78.6,103.3,81.4,106.2,86.2,108.5,80.4,113
2017,10,68.6,105.8,68.4,105.6,70.8,104.3,,,,,,,,,68.5,105.1,94.7,105.8,70.2,104.9,61.2,103.2,67.4,110.7,64.7,109.4,72.5,103.3,71.8,113.8,69.3,103.4,64.2,102,75.4,103.2,71.1,103.9,55.6,104.2,60.3,105.1,64.5,106.5,70.4,111.2,67.4,101.1,56.4,90,68.3,101.7,78.6,109.8,75,107.4,81.2,111.6,83.3,114.1,69,101.6,59.9,108.8,66,107.2,68.1,106.4,70.7,96.7
2017,11,74.8,103.3,74.2,103.3,75.1,102.5,,,,,,,,,74.1,103.3,98.2,107.3,74.7,103.5,76.6,107.7,83.1,106.2,87.2,108.6,70.6,95.1,81.3,112.6,72.3,98.7,63.4,100.6,70.3,97.2,73.6,103.5,69.6,93.9,67.3,105.8,78.3,103.6,65.3,105.1,65.2,103.3,63.6,95.5,76.7,111.7,84.8,104,68.9,105.4,90.6,115.2,89.1,103.8,80.2,104,73.6,111,72.7,100,72.3,100,71.7,94.6
2017,12,55.3,90.4,54.8,89.8,56.4,89.5,,,,,,,,,54.8,89.8,91.6,101.5,55.1,89.3,52,82.6,61.8,94.9,54.9,91.4,52,84.3,60.5,94.6,53.4,89.1,52.8,98,56.4,90.4,45.8,89.4,50.5,85.5,48.1,92.9,59.4,92.8,44.9,98,56.5,81.5,40,84.5,56.7,91.7,53.6,87.1,65.5,91.9,63.8,87,51.3,83.3,67.5,91.3,63.2,93.4,59.3,86.1,56.4,101.1,67.4,107.6
2018,1,44.2,87.5,42.5,87.5,46.3,87.7,,,,,,,,,42.3,87.4,84,96.7,45,87,44.5,93.3,53.9,93.8,57.1,98.1,47.1,90.2,30.3,73.1,38.2,89.5,41.8,89.5,47.2,82.1,37.3,83.1,43.5,84.6,37.2,74.4,50,91.3,48,89.8,30.4,79.3,51.8,81.8,51.7,93.3,43.8,89.7,52.7,89.9,50.7,92.8,43.6,92.3,48.4,94.4,45.6,89.6,40.7,83,37.8,87.2,55.4,105.4
2018,2,79.5,90.9,79.6,90.8,78.3,89.9,,,,,,,,,79.1,90.6,90,97.8,79.8,92.2,97.5,108.2,115.2,117.4,104.5,122.6,92.8,105.9,51.3,67.2,72.7,75.2,70.7,71.6,61.1,80.3,73.2,84.5,65.4,80.8,75,89.1,83.3,97.1,95.9,89.8,77.2,91.3,99.1,88.2,78.3,80,80.4,89.7,74.3,86.5,85.5,102.9,79.5,92.3,84.1,102.4,84.1,94,79.9,91.2,75,94.7,85.9,97.8
2018,3,67,92.6,65.8,91.3,63.6,90.2,,,,,,,,,65.7,91.2,107.5,97,65.7,91.1,61.9,85.8,51.7,69.7,50,69.5,59.5,85,81.8,109.5,68.1,98.7,66.2,99.4,79.7,102.8,71.8,94,54.2,94.9,62.2,84.6,70.3,94.2,61.2,82.7,66.3,91.3,68.2,92.7,71.7,100,70.5,96,76.4,100,74.6,102.2,66.7,93.6,65.9,92.1,63.2,86.8,68.6,91.8,67.6,83,58.7,97.8
2018,4,69.4,104.5,69.2,103.7,69.7,102.8,,,,,,,,,69,103.8,88.3,112.5,69,103.2,71.4,99,70.2,110.1,71.4,101.5,71.9,100.7,73.3,118.7,58,102.1,61.9,100.6,72.9,103.4,72.2,106.3,54.2,105.6,65.4,107.7,65.2,105.1,72.4,108.2,59.8,104.3,56.4,100.9,63.3,98.3,67,103.6,81.8,105.4,82.6,106.5,78.2,100,63.5,92.1,80.8,108.8,70.1,101,67.6,107.4,75,108.7
2018,5,62.3,94.1,62.3,94.3,63.5,93.8,,,,,,,,,61.6,94.1,83.4,97,61.3,93.9,60.4,94,75.8,103.4,61.7,89.1,58.2,92.5,64.1,103.3,57.1,88.7,60.8,92,64.3,91.2,64.1,95.8,55.6,92.5,55.1,91.7,67.4,102.9,66.3,91.8,58.7,92.4,58.2,92.7,68.3,78.3,60.3,87.5,73.6,101.4,73.9,94.9,64.7,101.3,64.3,82.5,59.3,98.9,63.9,95.9,57.4,89.4,53.3,103.3
2018,6,54.1,76.8,53.2,76,54.1,76.7,,,,,,,,,53.1,75.1,82.2,91.7,53.9,74.9,58,72.1,52.2,91,42.9,70.3,49,70.6,59.2,81.3,60.5,79,50.9,78.1,56,77.6,55.3,83.1,56.1,72.9,47.4,74.4,63,87,56.1,74.5,45.7,70.7,52.7,76.4,53.3,80,52.2,73.2,62.8,88.5,57.2,84.8,53.2,64.7,57.9,69,55.5,73.1,52.1,78.4,46.8,68.6,50,93.5
2018,7,45.5,86.1,44.8,85.8,46.1,85.7,,,,,,,,,44.8,85.8,86.8,92.5,45.7,85.5,51.7,90.5,53.9,105.1,33.5,82.3,41.8,84,46.4,85.6,47.9,87.4,34.4,79,52.6,83.5,40.8,75,42.1,93,44.2,82.1,37.7,68.1,42.9,90.8,42.4,83.7,43.6,78.2,48.3,90,38.8,85.7,60.1,98,48.6,83.3,43.6,88.5,48.4,86.5,52.2,92.3,46.4,92.3,52.1,87.8,46.7,94.6
2018,8,38.5,74.2,38.5,74.3,41,74.1,,,,,,,,,38.5,73.9,61.3,97.1,38.6,73.1,35.6,81.8,44.4,83.7,35,80.8,36.9,77.8,32.1,59.7,40.8,71,39.8,71.6,44.9,73.3,42.6,66.2,34.6,66.8,38.5,66,36.2,67.4,27.6,76.5,30.4,60.9,44.5,73.6,45,85,38.8,66.1,45.9,87.2,50.7,71,35.3,86.5,34.9,84.9,31.3,89.6,39.2,80.4,33.5,71.8,47.8,72.8
2018,9,73.2,106.8,73.2,107,73.8,105,,,,,,,,,73,106.7,89.6,105.2,75,108.1,80.1,110.4,85.4,114,97.7,119.9,91.5,123.5,45.4,95.4,62.6,105,71.9,96.6,66.2,100.6,75.7,116.2,70.1,103.3,70.5,114.7,80.4,108.7,72.4,103.1,71.7,104.3,68.2,112.7,63.3,106.7,75.4,104.5,78.4,113.5,76.1,106.5,76.3,108.3,74.6,103.2,70.3,104.9,68,101.5,67,97.3,84.8,101.1
2018,10,66.5,95.8,66.9,95.5,67.3,94.6,,,,,,,,,66.7,95.3,94.3,102.8,67.5,95.9,59.5,97.3,48.9,82,53.8,92.5,69.3,96.1,76.7,103.3,74.8,97.9,72.2,96.6,67.7,93.8,65.8,96.5,62.1,89.7,68.6,93.6,63,98.6,66.3,96.9,82.6,101.1,71.8,83.6,63.3,113.3,60.7,100.9,68.2,109.5,74.6,90.6,74.4,99.4,68.3,99.2,65.9,97.8,61.9,89.7,59.6,84.6,68.5,100
2018,11,68,98.3,67.4,97.9,68.3,96.9,,,,,,,,,67.4,97.9,96.3,101.5,69.8,97.9,76.9,103,71.9,99.4,83.5,101.9,78.8,101,58.2,106.7,59.7,92.9,59.7,94,61.5,88.9,62,94.4,57.5,96.3,61.5,100.6,81.9,106.5,79.6,101,89.1,108.7,61.8,91.8,75,96.7,64.7,96,64.2,98.6,71,96.4,84.6,104.5,69.8,102.4,63.2,103.8,67,93.3,67.6,93.1,60.9,95.7
2018,12,52.7,82.8,52.7,83,54.9,83.1,,,,,,,,,52.9,82.9,95,102,53.5,82,47.3,79.1,61.8,98.3,59.4,88.7,54.6,81,47.9,81,48.3,79.8,55.7,84.9,52.6,79.3,42.3,74.6,57,87.4,50.6,78.2,59.4,80.4,66.3,91.8,55.4,85.9,63.6,86.4,38.3,75,53.1,78.6,57.4,91.9,58,81.2,42.3,73.7,50.8,82.5,52.7,86.8,47.9,83,54.8,85.6,55.4,96.7
2019,1,50.7,82.3,50.2,81.9,53.1,80.8,,,,,,,,,49.8,81.6,86.9,98.8,52,81.7,52.2,88.3,52.8,88.8,69.5,88.3,54.9,90.5,35.4,67.4,47.5,81.5,45.7,79.8,53,80.8,51.4,78.2,38.8,76.2,48.7,78.8,49.3,79.7,53.1,92.9,51.1,76.1,60,87.3,55,75,49.1,82.6,54.1,83.1,56.5,89.1,45.5,83.3,50.8,85.7,56.6,89,44.3,76.8,53.2,84,58.7,90.2
2019,2,59.5,88,59,87.4,58.9,86.2,,,,,,,,,59.1,87.2,88.4,97,60,88,74.9,101.7,64.6,108.4,61.3,92.9,70.3,97.4,44.4,76.2,42,75.6,61.9,75.6,56.2,85,58.5,88.7,49.5,81.8,53.8,81.4,69.6,90.6,66.3,92.9,62,96.7,57.3,91.8,71.7,76.7,62.1,82.6,60.8,91.9,63.8,94.9,55.1,94.9,51.6,88.1,58.2,83,65.5,90.7,56.4,83,66.3,95.7
2019,3,62.4,91.3,62.1,91.5,64.4,89,,,,,,,,,62,91.3,88.2,97,65.2,91.2,58,87.1,56.7,88.2,50.8,79.7,53.9,86.3,69,98.7,63,96.6,66.8,89.8,71.4,98.1,62.3,99.3,53.7,86.9,62.8,91.7,64.5,96.4,65.3,90.8,67.4,92.4,50.9,90,51.7,86.7,68.8,90.2,65.5,92.6,68.8,101.4,64.7,89.1,74.6,85.7,66.5,89,60.3,91.8,48.4,83,65.2,89.1
2019,4,58.1,91.7,58,91.6,58.7,90.7,,,,,,,,,57.9,91.6,89.3,99.7,59,92.5,56.7,90,57.9,94.4,51.9,83.5,59.2,90.8,63.3,103.1,55,85.3,53.1,85.2,63.2,96.2,51.4,94.4,59.3,84.6,54.5,91.7,52.9,95.7,60.2,103.1,50,94.6,61.8,91.8,66.7,73.3,58.5,96,53.4,97.3,62.3,100,65.4,93.6,65.1,83.3,67.6,97.8,55.2,84,48.9,83.5,70.7,89.1
2019,5,64.6,84.5,64.8,84.3,65.5,83.5,,,,,,,,,64.8,84.2,96.8,97.6,64.9,84,67.4,81.8,56.7,85.4,56.4,75.2,61.8,79.7,75.9,96.2,62.2,79.4,58.8,85.2,67.7,87.4,56.7,81.7,55.6,90.2,66,83.3,73.2,81.2,64.3,84.7,64.1,83.7,51.8,80,71.7,78.3,62.9,91.1,70.3,87.8,79,87.7,62.2,87.8,68.3,78.6,70.3,91.8,66,78.4,59.6,73.4,73.9,95.7
2019,6,57,80,56.9,80,57.3,79.8,,,,,,,,,56.8,79.9,80.5,100.4,57.6,79.5,57.2,79.6,57.9,83.1,49.6,73.7,61.8,77.5,55.4,82.6,55,79.4,55.7,78.4,61.1,83.5,55.6,76.4,60.7,78.5,53.2,78.8,58,87.7,57.1,74.5,54.3,84.8,55.5,80,58.3,76.7,60.7,79.5,60.8,86.5,63,77.5,59,82.1,50.8,84.9,57.7,86.3,54.1,73.2,52.7,78.7,56.5,76.1
2019,7,48.4,73.8,48.7,73.7,49.8,73.8,,,,,,,,,48.7,73.5,97.2,86,49.9,73.2,46.8,75.6,50,78.1,41,63.5,54.9,72.9,46.7,66.7,44.5,76.9,48.6,77.3,52.4,78.6,46.1,69.4,46.3,75.7,52.6,68.6,52.9,71.7,37.8,66.3,43.5,83.7,53.6,73.6,48.3,80,44.2,76.3,53.4,81.1,47.8,79,51.3,68.6,50,58.7,48.9,87.4,49,70.6,52.1,76.1,42.4,67.4
2019,8,42,79.2,41.6,79,42.4,79.1,,,,,,,,,41.6,79,83.9,105.1,42.6,79.1,46.5,84.3,44.9,82.6,38.7,77.1,41.2,81.7,34.4,71,40.8,74.8,43.2,80.1,45.7,81.6,40.8,77.1,43.5,75.7,35.9,67.3,44.2,78.3,38.8,76.5,39.1,80.4,47.3,80.9,50,76.7,43.3,71,42.6,76.4,42,82.6,41,89.1,37.3,84.9,45.1,89.6,40.7,83.5,36.2,77.1,57.6,87
2019,9,84.6,102.3,84.2,102.8,84.3,98.9,,,,,,,,,84.3,102.6,99,101.8,86.4,103.1,88.1,112.2,98.3,119.1,102.6,111.7,93.5,108.5,73.1,100,75.6,97.9,80.4,86.9,77.6,93.8,84.9,105.3,80.8,97.2,91,98.1,85.5,111.6,75.5,103.1,88,113,98.2,106.4,90,103.3,89.3,111.2,82.4,102,85.5,108,80.1,99.4,82.5,100.8,85.7,108.8,78.9,90.7,84.6,92,77.2,91.3
2019,10,68.7,93.1,68.5,92.7,69.3,93.6,,,,,,,,,68.1,92.6,91.6,100.2,70.2,93.6,62.2,87.6,51.1,66.9,69.5,91.7,76.1,94.8,67.7,105.6,66.8,100,80.1,99.1,68.6,89.1,71.5,95.4,65.4,90.7,61.5,98.1,71.7,93.5,78.6,96.9,72.8,101.1,66.4,97.3,65,98.3,75.4,100,61.5,95.9,73.9,92.8,78.8,92.9,68.3,85.7,70.9,92.3,61.9,88.1,58,79.3,67.4,92.4
2019,11,76.5,99.8,76.7,99.4,77,98,,,,,,,,,76.7,99.2,99.7,100.1,77.4,98.6,84.1,104.7,82.6,96.6,90.2,105.6,83,99.3,79,103.3,68.9,97.1,64.5,96,66.5,94.9,73.9,99.3,70.1,97.7,66.7,95.5,75.4,103.6,77.6,111.2,92.4,109.8,67.3,97.3,80,86.7,82.6,102.7,70.9,93.2,81.2,96.4,94.9,101.3,81,105.6,76.4,103.8,75.3,97.9,68.1,95.2,79.3,100
2019,12,65.4,85.3,65.6,86.1,66.6,86,,,,,,,,,65.7,85.9,100.3,101.2,66.3,85.7,65.7,78.4,70.8,96.1,81.2,89.1,60.8,83.3,52.6,90,54.6,81.1,67.3,86.6,71.8,83.5,67.6,87,66.8,86.9,62.2,73.7,65.9,87,72.4,82.7,54.3,79.3,60,87.3,68.3,88.3,68.3,85.3,61.5,76.4,65.2,81.9,67.9,82.7,69,89.7,62.1,92.9,59.3,83,69.1,88.3,69.6,100
2020,1,71.7,89.5,71.3,89.1,71.5,88.9,,,,,105.2,,97.8,,,89.1,,102.5,,89,77.3,93.5,96.7,124.7,97,117.3,84.7,107.5,51,58.7,56.1,76.5,62.4,74.4,66.7,88.5,76.7,88,67.1,87.9,67.1,83.3,80.1,92,81.4,87.8,75.6,89.1,76.4,86.4,65.8,100,66.7,87.9,68.6,90.5,67.4,96.4,62.5,92.3,71,91.3,85.2,92.3,67,89.7,69.4,81.9,73.4,96.7
2020,2,23.9,79.1,23.4,78.6,28.5,80.5,,,,,115.7,99.5,89.9,99.2,,,,,,,29.8,77,21.4,67.6,17,73.9,25.6,71.4,19.6,77.4,18.3,87.4,23.9,86.2,28.9,85.2,20.6,83.8,22.2,78.2,20.6,72.4,25,75,22.5,82.4,25.6,76.9,26.4,80.9,28.9,84.2,22.8,75.9,27.1,75.7,29.7,82.6,23.7,76.3,22.6,79.8,26.4,83,26.5,80.5,22.4,76,21.3,85.1
2020,3,28.4,95,28.3,95.2,30.1,94.9,,,,,124.7,100.7,99.6,98,,,,,,,32.3,99.2,31.9,94.5,28,91.3,29.2,89.9,23.1,99.2,27.4,91.7,30.7,94.5,26.8,95.6,23,93.9,30.6,96.8,26.5,80,24.3,100,28.4,104.9,39.7,93.6,39.1,84.5,36.8,84.2,27.2,100.9,31.4,96.4,31.2,97.1,32.9,98.7,26.6,104,34.1,100.5,24,89.5,20.4,92.9,29.8,90.4
2020,4,80,94.8,79.5,95.5,78.7,95.1,,,,,107.8,101.5,98.7,100,,,,,,,83.3,96.7,81.3,90.7,78,95.8,86.7,93.2,78.6,98,79.6,95.7,79.9,94.3,74.7,92.4,80.7,88.2,69,90.7,88.2,94.7,78.7,98.5,87.3,94.1,80.8,100,76.4,96.4,94.7,94.7,83.3,94.3,80,92.9,76.8,90.6,82.2,90.8,79.8,96.8,85.2,102.7,77,98.5,73,92.9,83,108.5
2020,5,109.2,104.5,109.1,104.5,108.5,103,,,,,101.8,101.3,100,99.9,,,,,,,107.1,102.5,122.5,104.4,111.7,103.8,105.8,104.5,122.1,106.8,103.9,108.3,105.5,104,100.8,103.4,106.4,105.4,105.1,101.9,119.4,110,90.4,99.3,114.7,105.9,125.6,107.7,96.4,100.9,97.4,102.6,128.1,107.9,106.4,104.3,110.1,106.5,105.9,104.6,113.7,104,101.1,107.1,114.5,101.5,103.6,101,107.4,105.3
2020,6,79.2,103.2,78.2,103.4,80.3,103.4,,,,,103,100,99.5,100,,,,,,,75.8,101.5,69.2,104.9,73.5,99.6,75.3,101.6,86.7,105,90,110,77,102.9,81.6,102.5,73.6,101.7,76.4,102.3,70,102.4,65.4,102.9,70.6,104.9,89.7,105.1,83.6,100.9,78.9,102.6,69.7,107,91.4,103.6,81.9,106.5,80.9,103.3,87.1,106.5,92.3,101.6,87,101.5,75,100.5,89.4,105.3
2020,7,55.7,86.6,55.4,85.9,56.2,88.2,,,,,108,101.5,99.6,100,,,,,,,56.1,88.6,58.2,86.3,59.5,81.1,51.9,82.5,45,83.2,55.2,85.2,60.6,91.1,60.3,90.9,50.7,85.8,54.6,88.4,50.6,80,58.1,85.3,37.3,88.2,51.3,73.1,59.1,90.9,60.5,86.8,51.8,83.3,54.3,92.9,65.2,87,57.9,84.9,57.3,88.7,57.1,92.9,62,87,53.6,84.2,77.7,92.6
2020,8,49.2,88.8,48.8,88.7,51.3,89,,,,,103.2,102.2,98.9,99.3,,,,,,,45.7,89.9,58.8,91.2,45.1,88.3,45.8,89.3,43.7,85.4,55.7,88.7,58,91.1,48.1,88.2,50.3,80.7,44.4,86.1,43.5,82.4,44.1,90.4,50,100,51.3,88.5,65.5,86.4,63.2,94.7,47.8,86.4,38.6,90,55.1,89.9,48.7,92.1,41.1,93.5,52.2,98.4,43.5,89,52,86.7,70.2,94.7
2020,9,65.1,95.2,64.8,94.6,62.7,91.6,,,,,108,100.6,100,99.2,,,,,,,73.7,93.7,83.5,101.1,87.9,100.8,76.9,98.7,44.5,89.7,58.3,93.5,55.2,89.4,58.4,98.7,63.5,92.2,58.8,86.1,66.5,94.1,58.1,88.2,74.5,99,69.2,91,61.8,100,57.9,105.3,65.8,99.6,65.7,93.6,60.1,99.3,72.4,102.6,69.4,97.6,73.1,100.5,61.5,94,66.3,91.3,62.8,98.9
2020,10,73.3,93.3,73.2,93.8,72.7,88.7,,,,,101.5,101.9,99.8,100,,,,,,,76.5,91.9,55.5,88.5,66.3,84.5,69.5,95.8,76.9,97.5,80.4,94.3,79.3,92.8,73.2,96,71.6,90.2,65.7,90.3,71.8,88.2,72.8,96.3,74.5,95.1,75.6,101.3,70.9,95.5,76.3,105.3,78.1,94.3,82.1,93.6,79.7,95.7,74.3,98,73.4,91.1,76.9,96.2,68,94.5,68.4,87.8,77.7,91.5
2020,11,78.5,99.5,78.3,99.5,78,98.5,,,,,101.6,100.2,99.7,100,,,,,,,87.9,105.6,83.5,100.5,88.3,101.5,82.1,99.7,68.8,100.8,71.7,97.8,73.9,96,75.9,95.4,72.6,98,75,98.6,78.8,95.3,88.2,103.7,72.5,100,78.2,101.3,77.3,100.9,81.6,100,75.9,100.4,80.7,97.1,81.2,103.6,84.9,103.3,84.7,100,74.7,101.1,77.5,95,81.1,98.5,83,102.1
2020,12,44.8,89.1,44.7,88.8,45.1,88.5,,,,,103.6,100.7,99.8,100,,,,,,,39.9,81.3,57.7,99.5,54.9,88.3,51.6,86,34.9,91.2,41.7,90,38.2,89.1,48.7,92,42.2,88.9,41.7,86.6,48.8,85.9,41.2,94.1,55.9,87.3,41,85.9,47.3,96.4,44.7,92.1,47.8,89.5,32.9,94.3,46.4,89.9,44.7,80.9,46.8,79.8,52.2,87.9,41,92.5,43.4,90.8,50,96.8
2021,1,33.5,84.7,30.2,84.4,30,84.7,,,,,110.6,101.7,98.7,100,,,,,,,34.9,84.1,45.5,89,38.1,84.8,38.7,86.4,24.3,80.7,25.7,82.2,33.8,85.9,33.4,86.3,35.4,83.8,33.2,84.3,32.8,80.6,40.8,85.3,35.3,86.3,30.3,87.2,32.7,85.5,27.3,78.9,36.3,80.3,30.3,82.1,31.3,92.8,29.2,87.5,37.9,87.1,42.3,83.5,29.1,83.5,29.2,87.8,27.7,87.2
2021,2,43.7,67.8,42.7,66.1,40.8,59.3,,,,,115.7,103,99.2,99.8,,,,,,,54.4,80.8,62.9,84.8,51.5,83,59.4,87.1,24.5,44.8,31.9,44.7,45.7,62.5,33.2,63.8,38.2,59.4,34.5,69.5,37.9,67.2,45.1,72.5,50,66.7,39.5,69.7,43.6,64.5,54.5,59.1,54,66.4,46.5,63.4,42.5,75.4,43.5,79.2,45.2,80.6,44.5,67,38.8,61.7,50,67.7,47.9,68.1
2021,3,44.5,68.6,42.8,60.2,38,57.8,,,,,114.2,106.2,99.2,99.2,,,,,,,49.5,72.1,37.1,46.6,28.9,55.6,41,71.3,46.5,70,42.9,69.9,49.4,74.4,50,73.6,49,71.9,40.5,68.6,39.1,63.8,39.4,62.7,45.1,71.6,48.7,72.4,50,71.8,40.9,52.3,53.5,70.4,37.3,79.6,50,73.1,50,68.2,40.3,62.1,43.4,67.6,43.4,62.8,33.9,69.3,54.3,69.1
2021,4,46.4,72.7,45,68,42.8,62.8,,,,,112.7,105,100,99,,,,,,,52.6,74.9,41,74.7,36.3,65.2,49.4,67.4,46.3,76.5,35.4,77,43.8,70.2,54.5,74.7,49,79.5,37.3,80.5,39.7,72.4,46.5,62,44.1,73.5,69.7,76.3,56.4,67.3,20.5,61.4,50.9,74.8,60.6,73.2,53,64.9,43.5,78.6,36.3,70.2,54.4,75.3,35.7,67.3,39.1,62.5,54.3,85.1
2021,5,48.1,73.3,47.8,68,46.9,62.9,,,,,113.6,107.1,100.2,99.9,,,,,,,50.3,78.5,50,75.3,37,60.4,52.6,71.6,48,73,43.4,69,47.2,74.4,52.1,78.1,51.7,78.1,45.9,75.5,45.4,63.8,50,76.1,37.3,74.5,65.8,82.9,48.2,78.2,40.9,54.5,52.7,77.4,55.6,83.8,56.7,74.6,49.4,72.1,37.1,69.4,36.8,69.2,44.9,60.7,44.3,69.3,59.6,81.9
2021,6,49.2,65.1,47.9,60.9,47.4,56.7,,,,,115,108.9,100.1,100.1,,,,,,,46.7,69.2,50.6,64.6,37,54.1,47.7,64.2,54.2,63.6,49.6,61.9,49.1,68.8,54.5,68.9,49.3,63.9,51.8,58.2,36.8,60.3,56.3,66.9,45.1,61.8,53.9,73.7,50,82.7,52.3,54.5,57.5,70.4,46.5,77.5,46.3,72.4,54.5,62.3,44.4,44.4,44.5,61.5,50,63.3,41.7,65.6,62.8,72.3
2021,7,26.6,76.8,28.2,67.3,28.7,65.8,,,,,116.8,107.4,97.7,99.9,,,,,,,29.5,79,25.8,83.1,21.5,69.3,27.1,77.1,25.2,77.5,24.3,70.8,21,74.4,33.4,80.9,20.1,67.7,27.7,79.5,23.6,70.7,22.5,77.5,36.3,79.4,28.9,76.3,29.1,78.2,22.7,63.6,29.2,74.8,16.2,81.7,26.1,79.9,22.1,70.8,33.1,75.8,27.5,85.7,32.1,87.2,24.5,71.4,41.5,87.2
2021,8,32.6,43.4,31,42.7,30.8,39.8,,,,,110.5,108.4,96.9,97.7,,,,,,,38.5,52.8,46.1,51.1,38.1,37.4,35.8,52.6,17.3,29.2,28.3,40.3,25.3,40.1,37.9,46.4,26.4,39.6,25.9,40.9,28.7,32.2,33.1,52.8,27.5,46.1,32.9,40.8,39.1,46.4,31.8,43.2,36.7,44.7,35.2,45.8,36.6,43.3,40.3,43.5,28.2,41.9,30.8,51.1,41.3,46.4,30.7,35.4,34,54.3
2021,9,77.4,79.2,82.4,78.7,68.4,68.4,,,,,107.8,101.8,99,98.3,,,,,,,90.5,95.1,105.1,97.2,98.9,95.9,93.5,95.8,62.4,62.6,72.6,68.6,56.5,57.7,64,74.3,74,69.4,75.5,75.9,69,77.6,95.1,80.3,82.4,81.4,89.5,89.5,73.6,90,61.4,86.4,98.7,92.5,76.8,77.5,82.1,91,68.2,78.6,72.6,77.4,79.1,80.2,72.4,75.5,70.3,69.3,64.9,75.5
2021,10,57.9,73,55.6,69.7,50.2,68.8,,,,,109.7,100.8,98.5,98.2,,,,,,,57.9,73.6,38.2,57.3,48.5,56.3,54.2,65.5,67.6,79.7,59.3,76.5,56.8,73.6,65.1,84.9,61.1,76,48.6,70.9,51.1,62.1,54.9,75.4,52,72.5,64.5,75,62.7,77.3,50,75,68.1,77.4,60.6,77.5,59.7,77.6,65.6,83.1,58.9,62.9,57.7,68.1,57.1,67.3,48.4,68.2,62.8,80.9
2021,11,67,88.7,67.7,86.2,62.9,81.5,,,,,113.8,99.5,99.8,99.3,,,,,,,72.3,86.9,63.5,83.1,74.1,93.7,74.5,90,66.1,95.5,63.7,83.2,61.1,86.4,61.9,87.2,67.4,89.9,60.5,91.8,59.8,82.8,64.8,88.7,60.8,92.2,89.5,85.5,53.6,88.2,75,100,68.1,81.9,70.4,85.9,69.4,86.6,73.4,90.9,74.2,100,68.1,90.1,64.3,90.3,65.6,86.5,74.5,87.2
2021,12,41.2,83.8,42.8,80.7,40.6,77.8,,,,,114.5,102.8,99.2,100.2,,,,,,,44.6,80.5,46.6,91.6,46.3,82.2,46.1,80.6,34.7,82.4,39.8,82.7,28.1,86.4,46.4,86.4,44.8,86.5,39.5,84.1,36.8,78.7,42.3,83.1,48,88.2,36.8,81.6,40.9,81.8,36.4,59.1,37.2,82.7,35.9,85.2,35.1,78.4,45.5,80.5,37.9,86.3,47.8,85.7,45.4,85.2,31.8,83.3,61.7,101.1
2022,1,47.8,66.2,40.8,62.7,45.9,62.2,91.3,,46.5,,,102.3,,99.2,,,,,,,54.5,71.5,62.2,68,68,71.1,55.1,73.9,31.9,57.9,39.3,64.6,36.2,58.2,43.1,67.2,40.5,61.8,37.7,59.5,47.5,67.2,48.5,70.4,44.8,58.8,41.1,65.8,64.9,65.5,44.4,38.6,49.1,65,45.7,57.7,48.4,72.4,48,67.5,64.1,83.9,54.1,70.3,44.7,71.9,46.2,64.6,57.8,74.5
2022,2,32.7,58,27.1,52.7,35.5,55,93.7,85.9,28.6,52.9,,,,,,,,,,,35.6,64.1,26.7,48.3,34.5,44.4,39.5,62.2,24,53.4,39.3,65,24.1,56.2,37.3,64.7,29.6,47.8,31.6,56.6,30,48.1,36.8,55.9,29.2,55.2,42.2,53.3,35.1,57.9,53.7,63,33.9,61,32.1,69.3,41.9,75.8,35.1,68.2,28.1,53.9,25.9,56.5,33.2,63,28.1,52.9,32.4,59.8
2022,3,40.3,79.7,37,71.2,45.6,70.6,102.9,98.3,38.9,76.5,,,,,,,,,,,38.1,74.5,35,80.6,29.2,73.9,44.9,76.4,38.4,90.1,38.5,79.1,44.9,79.5,48.2,82.8,39.4,82.1,40.8,71.9,32.5,79.4,53.7,87.5,30.2,75,45.6,93.3,40.4,77.2,44.4,90.7,43.6,78.9,30.7,85.7,47.6,83.9,48.6,83.1,49.2,81.3,39.4,72.9,36.1,75.5,33.8,78.1,37.3,75.5
2022,4,68.6,88.1,64.7,80.2,64.4,78.2,106.3,101.4,67.4,80.7,,,,,,,,,,,66.7,84.3,57.8,87.8,55.9,80.1,70.9,88.5,80.2,93.5,61.5,83.3,70.3,89.7,75.4,94,71.2,88,65.4,92.1,63.1,86.3,66.2,91.2,64.6,82.3,73.3,86.7,64.9,82.5,75.9,92.6,69.7,87.2,71.4,91.4,69.4,90.3,71.6,91.9,64.1,85.2,66.5,86.5,68.8,87,65.7,86.2,84.3,91.2
2022,5,68.8,101,69.1,98.5,67,93.1,113,105.6,70,99.2,,,,,,,,,,,61.9,99,63.3,108.3,61.2,91.9,61.8,98.6,81.4,107.6,64.5,101.3,73.8,104.3,75.2,100,71.9,99.6,66.2,100,62.5,101.3,64.7,93.4,72.9,104.2,67.8,110,57,93.9,70.4,111.1,69.7,93.1,77.9,110,74.2,100.8,66.2,106.1,70.3,96.9,70,114.7,63,95.7,68.1,93.3,82.4,115.7
2022,6,62.6,83.1,60.7,81.7,65.2,80.6,110.3,106.4,63.7,82.2,,,,,,,,,,,66.2,86.6,56.7,76.7,50,71.4,58.1,82.8,68.9,90.7,58.1,85.5,68.4,82.7,66.5,84.4,59.9,83.6,52.2,76.3,64.4,75,59.6,86.8,62.5,80.2,54.4,82.2,62.3,84.2,70.4,79.6,56.4,85.8,72.9,94.3,75,83.9,72.3,79.7,49.2,83.6,67.6,85.9,66.3,81.3,59.5,83.3,75.5,90.2
2022,7,49.8,76.6,49.3,75.3,51.5,77.9,113.3,105.6,49.5,77.2,,,,,,,,,,,50.3,81.8,41.7,80.6,31.7,69.9,43.2,74.3,61,75.1,59,74.4,54.3,77.6,52.9,78.1,52.9,73,48.7,69.7,45,71.3,54.4,69.1,45.8,74,45.6,70,47.4,71.9,63,85.2,49.1,71.6,53.6,93.6,49.2,85.5,49.3,83.1,51.6,68.8,43.5,85.3,58.2,79.8,47.6,76.7,43.1,84.3
2022,8,55.5,68.3,49.5,66.7,54.6,65.7,111,107.3,52.5,65.4,,,,,,,,,,,56.6,70.5,56.1,72.2,58.1,71.1,54.1,66.6,48.6,55.9,53.8,71.8,58.6,70,57.1,70.3,46.7,64.2,61,63.6,55.6,58.1,56.6,72.1,57.3,67.7,46.7,71.1,51.8,64.9,57.4,81.5,51.8,62.4,70,73.6,64.5,67.7,57.4,69.6,57.8,64.8,45.3,75.3,62,69.7,55.2,75.7,50,73.5
2022,9,79,102.6,79.5,100.9,77.4,95,116.3,110.9,79.6,101.6,,,,,,,,,,,90.4,110.4,93.9,107.2,95,118.3,85.8,110.1,65,100.6,73.5,99.6,71.1,87,67.2,93.5,73.4,90.9,77.6,99.1,71.3,105,69.1,116.2,75,102.1,81.1,96.7,85.1,105.3,83.3,113,76.6,105.5,77.9,96.4,87.1,105.6,87.2,110.1,87.5,108.6,78.8,99.4,85.1,102.4,82.9,99,68.6,109.8
2022,10,60,87.9,57,87.2,62.1,85.5,110.3,105,59.7,87.1,,,,,,,,,,,51.8,82.3,45,76.1,50.6,82.3,62.5,83.4,69.2,96.6,58.1,94.4,67,95.1,66.1,88.4,63.1,90.9,54.8,89.9,63.8,91.3,56.6,86.8,49,92.7,62.2,78.9,57.9,90.4,55.6,92.6,62.4,88.5,72.1,90,60.5,90.3,70.9,91.2,51.6,81.3,54.7,82.4,59.6,82.2,52.4,84.3,71.6,95.1
2022,11,58,83.5,58.1,83.2,62.2,80.7,109.8,110.2,59.3,83.8,,,,,,,,,,,56.8,88.4,57.8,76.1,64.6,80.7,59.5,77.4,51.7,88.4,54.3,87.6,57,80.3,61.2,85,54,78.8,49.6,86.8,60.6,91.9,61.8,84.6,39.6,75,76.7,87.8,47.4,77.2,63,77.8,63.3,80.3,61.4,77.9,70.2,79.8,64.2,94.6,66.4,101.6,48.2,88.2,58.2,79.8,60,80.5,50,75.5
2022,12,54,78.5,53.1,77.5,58.8,79.2,106.8,104,53.6,77.8,,,,,,,,,,,50,75.3,55.6,74.4,58.4,82.9,55.4,79.1,56.5,79.4,47.9,73.1,52.7,83.5,55.4,77.7,52.2,78.1,48.2,75.4,51.9,81.3,54.4,87.5,58.3,69.8,48.9,77.8,55.3,82.5,48.1,75.9,51.8,73.4,52.1,72.1,55.6,72.6,54.1,75,52.3,79.7,51.2,87.6,59.6,76,65.7,84.8,53.9,84.3
2023,1,60,86.5,55.5,86.5,55.9,83.5,108.2,105.5,62.4,85,,,,,,,,,,,71.5,91.9,90,108.9,73.3,106.5,66.2,88.5,32.2,70.9,47.4,79.9,56.5,79.5,55.8,78.3,52.6,74.5,50.4,85.5,56.3,88.1,52.9,80.1,62.5,90.6,65.6,86.7,62.3,81.6,66.7,81.5,57.3,83.5,63.6,87.9,63.7,92.7,55.4,85.8,64.8,88.3,76.5,88.2,65.9,98.1,62.9,89,55.9,94.1
2023,2,41.4,59.3,37,54.8,48.6,61.1,113.2,92.9,42.7,59.7,,,,,,,,,,,36.8,63.1,30.3,50.6,34.8,46,39.9,61.5,39,54.8,39.8,62.8,48.6,63.8,51.3,65.6,42.7,53.6,40.2,54.4,42.8,50.6,42.7,68.4,33.7,56.3,29.3,60,47.3,66.7,46.2,63,42,60.6,39.2,64.3,49.2,67.7,50.7,60.8,29.2,58.6,38.2,57.6,45.5,61.1,34.8,54.3,49,67.6
2023,3,59.7,89.2,53.7,85.2,57.5,82.5,101.1,104.7,58.8,90,,,,,,,,,,,62.9,89.5,41,83.1,42.6,79,61.2,81.7,67.9,100.5,54.5,89,64.4,89.8,67.3,93.1,60.8,84.3,54.1,81.3,55,93.3,64,86.7,48,79.6,57.3,98.8,57.1,92.9,67.3,86.5,60.3,94.2,49.2,87.7,61.3,102.4,55.9,94.9,65,86.7,63.8,87.5,66,91,64.3,86.2,66.3,93.9
2023,4,56.9,84.5,53.8,80.8,57.1,78.8,98.9,99.8,57.2,84.2,,,,,,,,,,,57,86.6,50,73.6,42.9,67.4,59.7,77.7,61.2,100.3,48.4,80.1,59.4,85.4,66,91.5,56.6,90.2,57.3,83.7,50.6,75,57.3,86.7,56.1,73.5,56.1,68.3,46.4,71.4,55.8,80.8,53.1,92.4,58.5,83.1,66.9,73.4,61,83.8,51.7,89.2,62.5,94.7,60,87.5,54.8,91.4,66.3,82.7
2023,5,63.2,79.8,60.6,77,63.3,76.6,110.2,99.4,64.2,79.3,,,,,,,,,,,67.2,77.4,54.5,83.7,49,69.4,62.6,78.1,73,96,59.3,67.1,59.7,79.8,69.8,82.1,61.5,78.3,57.7,79.3,67.2,78.9,54,79.3,57.1,69.4,68.3,81.7,58,73.2,63.5,76.9,64.3,79.9,60,88.5,66.9,86.3,66.9,80.1,67.5,76.7,69.7,80.3,65.5,84.5,58.1,77.6,78.6,84.7
2023,6,50.9,70,47.8,68.2,53,69.4,99.4,106.4,49.8,70.5,,,,,,,,,,,51.9,69.9,46.6,64,37.7,57.4,54.3,71.2,51.6,75.7,61,67.9,47.2,70.7,55.2,75.6,50.7,72,56.1,66.7,46.7,71.7,45.3,62.7,37.8,63.3,59.8,61,58,67.9,61.5,63.5,53.1,71,51.5,74.6,58.1,75,51.5,68.4,50,70,48,71.7,48,74.5,49,71.4,45.9,72.4
2023,7,40.7,56.5,38.1,52.4,45.7,58.1,98.9,100.6,38.8,54.2,,,,,,,,,,,40.6,56.7,43.8,57.9,26.8,42.9,36.7,64,41.7,51.1,41.9,61.4,42,55.8,48.3,62.5,45.5,52.4,34.1,56.5,48.9,47.2,47.3,54,34.7,40.8,40.2,67.1,35.7,50.9,32.7,61.5,46,55.8,43.1,67.7,48.4,69.4,44.9,56.6,30.8,49.2,32.9,53.9,37.5,63.5,39.5,61.4,35.7,58.2
2023,8,50.5,62,48,53.4,54.2,57.2,110.5,97.5,50.8,52.5,,,,,,,,,,,53.5,69.9,49.4,68.5,42.9,54.2,49.6,61.5,41.7,52.1,49.2,63,53.9,60.8,59.2,66.7,53.1,59.8,43.9,58.9,55.6,61.7,51.3,64.7,42.9,56.1,43.9,54.9,52.7,59.8,42.3,61.5,49.6,63.4,54.6,61.5,56.5,69.4,49.3,83.1,45.8,60.8,50,61.2,52.5,56,49,63.3,61.2,57.1
2023,9,74.7,107.4,70.7,106.1,69.8,99.6,110.8,107.4,76.2,108.9,,,,,,,,,,,86.8,115.3,87.1,114,89.4,121.9,80.9,110.4,52.4,96.3,64.2,98.4,67.7,100.3,75.6,106.5,72,109.4,69.5,106.1,70.6,104.4,72,113.3,78.6,110.2,86.6,103.7,78.6,118.8,76.9,111.5,74.1,113.4,66.9,103.1,87.1,109.7,88.2,105.1,78.3,108.3,61.2,102.6,82.5,104.5,73.3,103.3,68.4,100
2023,10,60.2,86.3,58.2,84.5,64.4,81.7,103.5,100.3,59.6,84.8,,,,,,,,,,,56.2,81.7,44.4,72.5,44.5,75.2,53.6,79.9,73,96.8,63.8,92.3,65.5,85.9,67.1,94.8,61.5,92,56.1,87.8,59.4,86.1,55.3,88,61.2,82.7,57.3,90.2,66.1,88.4,50,90.4,59.4,83,63.8,89.2,74.2,92.7,75,91.2,51.7,76.7,50,77,62,84,53.3,81.4,70.4,88.8
2023,11,67,91.1,67.2,89,66.9,88.4,113.6,102.2,67.2,90.7,,,,,,,,,,,72.8,94.4,81.5,90.4,73.2,91.6,68.3,87.4,71.1,96.3,54.9,91.9,57.2,88.7,62.7,87.9,63.6,90.2,66.3,91.5,70,85.6,58,92,63.3,95.9,79.3,89,61.6,98.2,86.5,98.1,59.8,92.4,68.5,84.6,73.4,96.8,69.1,109.6,77.5,95.8,65.8,82.2,69,88,65.7,81.9,67.3,92.9
2023,12,49.7,77.3,50,77.3,55.7,76.5,116.4,112.3,49.2,74.7,,,,,,,,,,,51.9,79,54.5,93.3,50.6,77.1,52.5,78.8,43,74.3,45.9,70.7,46.4,77.1,53.3,75.4,46.9,75.9,56.1,80.1,49.4,77.2,44.7,80,40.8,75.5,48.8,69.5,65.2,83,57.7,86.5,37.5,68.3,48.5,80,47.6,73.4,42.6,64,55,84.2,46.1,79.6,53.5,76.5,56.7,82.4,55.1,87.8
2024,1,40.4,71.2,35.9,71.1,45.1,72.8,110.5,106,39,71.1,,,,,,,,,,,42.7,74.5,52.8,76.4,50.3,79.7,43.2,77.3,21.1,59.1,40.2,64.2,38.4,66,42.7,74.8,31.5,69.6,40.7,73.2,35.6,70.6,44.7,78,27.6,59.2,28,63.4,47.3,72.3,57.7,69.2,41.1,62.1,43.1,76.9,63.7,78.2,41.9,66.2,47.5,68.3,32.9,77,38,77,41.9,71,42.9,75.5
2024,2,51.2,73.2,54.1,74.8,54.7,71.5,110.6,108.2,55,75.6,,,,,,,,,,,63.7,94.6,79.2,110.1,63.5,95.8,59.7,81.3,28.9,43.3,39.8,60.6,49.2,64.1,43.1,60.2,45.5,59.4,42.3,62.2,52.2,58.9,68,78.7,46.9,64.3,48.8,78,59.8,67.9,48.1,88.5,41.1,75.9,42.3,70.8,53.2,100.8,49.3,94.9,57.5,78.3,54.6,75.7,65.5,83.5,52.4,68.1,52,73.5
2024,3,50.1,61.9,46.2,61.6,50.8,63.2,105.6,102.2,50.6,63.2,,,,,,,,,,,55.6,59.1,30.3,49.4,35.8,50.3,45.7,64.4,56.4,67.6,50.4,65,52.8,58,57.9,71.7,52.1,64,46.3,55.3,48.3,58.3,52,66,43.9,50,52.4,67.1,61.6,77.7,63.5,73.1,51.3,62.5,40.8,56.9,50.8,59.7,47.8,66.2,40,60,52.6,62.5,48,70,50.5,57.1,62.2,54.1
2024,4,56.1,68.8,55.4,66.3,56.7,65,108.1,104.5,57,70.4,,,,,,,,,,,58.1,79.3,48.3,55.1,48.1,50.6,57.2,60.8,58.3,80.2,52,64.6,58.8,69.3,60.4,74.8,54.2,67.1,53.7,64.6,47.8,68.3,62,75.3,41.8,49,54.9,62.2,57.1,76.8,57.7,75,62.5,72.3,58.5,61.5,66.9,68.5,56.6,69.9,54.2,69.2,54.6,71.7,53,71,56.2,69,66.3,77.6
2024,5,57.5,66.7,58.2,68.9,58.3,67.5,105.6,109.8,58,68.4,,,,,,,,,,,59.7,71.2,59,72.5,54.8,53.9,59,71.2,56.7,71.4,60.2,58.5,54.4,66.9,57.5,66.9,53.8,66.4,57.7,64.6,57.8,58.3,55.3,66,41.8,54.1,51.2,59.8,46.4,60.7,57.7,65.4,61.2,74.1,66.9,72.3,62.9,79.8,58.8,64.7,59.2,53.3,63.8,61.2,62.5,69,53.3,71.9,60.2,84.7
2024,6,46.3,63,48.5,63.7,50.5,64,111.8,105.1,47.2,65.4,,,,,,,,,,,47.6,61.6,50.6,62.4,34.5,57.1,41.4,65.1,44.9,63.4,45.9,69.1,45,63.3,56.3,63.1,47.9,62.6,45.1,63,45,60,52.7,60,36.7,51,36.6,61,49.1,52.7,55.8,63.5,51.3,65.6,62.3,74.6,48.4,70.2,40.4,64,40,67.5,41.4,64.5,43.5,67,42.4,55.2,48,67.3
2024,7,42.4,47.6,44.2,49.1,48.1,52.5,113.6,116.1,43.4,48.3,,,,,,,,,,,41.9,48.1,51.7,60.1,32.6,37.1,42.8,45,39.8,43.3,39,48.8,43.9,44.5,48.1,55.8,32.9,44.4,41.9,39,46.7,47.2,43.3,55.3,46.9,42.9,37.8,41.5,33,45.5,44.2,50,46.4,47.8,44.6,70,56.5,54.8,53.7,44.1,41.7,40,36.8,49.3,41,49,41.9,43.3,39.8,56.1
2024,8,45.4,45,45.3,45.3,51.5,49.8,119.5,114.5,45.5,45.8,,,,,,,,,,,48.9,44.9,47.2,50.6,41.9,39.7,47.8,51.8,38.5,36.6,37.8,36.2,46.7,48.9,51.3,50.4,44.4,34.3,42.7,43.9,46.7,51.1,54,42.7,54.1,52,42.7,36.6,45.5,33,51.9,44.2,39.7,43.3,53.1,53.8,51.6,54.8,49.3,61.8,33.3,44.2,42.8,44.1,42.5,44.5,41,45.7,54.1,42.9
2024,9,76.2,88.7,81.6,90.2,76.9,87.1,124.7,119.1,81,91.1,,,,,,,,,,,89.5,101.3,107.3,100,105.2,115.2,88.1,99.6,48.9,67.4,59.3,79.7,69.1,74.9,64.2,82.9,68.2,90.6,69.1,81.3,74.4,81.1,76,95.3,85.7,91.8,78,92.7,70.5,81.3,80.8,113.5,72.3,79.9,90,76.2,76.6,92.7,83.1,105.1,79.2,90,76.3,88.8,82,96,73.8,89,84.7,85.7
2024,10,61.1,79.2,61.3,82.1,63.7,81.2,102.3,103.3,61.8,81.1,,,,,,,,,,,54.6,77.4,50,71.9,55.2,67.1,60.8,79.1,59.1,83.7,72.4,82.5,64.4,83.1,67.7,83.1,68.2,87.1,54.9,76.4,64.4,77.2,58.7,80.7,55.1,76.5,68.3,84.1,60.7,75,71.2,80.8,64.7,75.4,64.6,96.9,63.7,80.6,64,83.8,54.2,65.8,53.3,75,66.5,78,52.4,74.3,57.1,80.6
2024,11,63.2,82.1,69.7,83.8,67.6,82.1,105.4,103.5,68.3,82.5,,,,,,,,,,,58.9,77.7,77,74.7,77.4,88.4,65.1,85.6,56.4,82.6,58.9,78.9,58.3,78.7,62.3,86,57.3,82.2,57.7,78.9,61.7,81.7,62.7,86,59.2,80.6,79.3,86.6,57.1,81.3,80.8,107.7,68.8,92,58.5,87.7,63.7,82.3,75.7,84.6,65.8,73.3,53.9,69.1,70,84.5,61.4,73.8,62.2,80.6
2024,12,49.7,77.5,52.5,80.4,54.1,78.6,112.6,112.9,50.4,79.6,,,,,,,,,,,47.8,71.5,60.1,92.1,61,84.2,54,80.9,40.4,76.2,44.7,73.2,43.4,79.8,52.3,71.9,41.3,71.3,45.1,81.7,49.4,77.2,51.3,74.7,45.9,83.7,48.8,79.3,50,77.7,53.8,82.7,48.7,78.6,51.5,80.8,52.4,71,54.4,80.9,50,70,48,69.1,52.5,78,59,82.9,53.1,85.7
2025,1,49.3,76.9,50.9,78.2,54.2,75.8,114.5,111.7,53.4,77.3,,,,,,,,,,,57.5,82.8,68.5,94.4,72.9,96.8,63.7,92.4,26.2,54,37.8,61,36.5,72.9,45.8,72.9,44.8,69.2,46.3,76,46.7,76.7,50.7,78.7,44.9,74.5,52.4,65.9,49.1,75.9,59.6,84.6,47.8,79,46.2,83.8,49.2,81.5,52.9,85.3,48.3,74.2,55.3,80.9,50.5,78,52.9,77.6,54.1,69.4
2025,2,40.3,60.7,36.8,59.3,46.3,64.2,95.8,105.2,39.3,60.1,,,,,,,,,,,36,65.1,29.2,51.7,33.2,56.8,44.2,59.7,35.3,54.8,39.4,56.9,48.1,61.3,48.3,69.8,33.6,58.7,36.2,63.8,37.2,52.8,44,67.3,35.7,62.2,50,54.9,44.6,60.7,38.5,59.6,46.9,58,39.2,60.8,40.3,67.7,47.1,64.7,32.5,60,40.1,60.5,40.5,63.5,37.6,58.1,54.1,59.2
2025,3,55.6,80.6,55.9,77,59,77.7,101.6,97.2,56.4,83.5,,,,,,,,,,,54.8,76.3,43.3,74.2,48.4,71.9,61.9,83.8,57,85.6,54.1,77.6,54.1,84.5,62.5,84.6,55.9,82.2,49.2,73.2,51.1,74.4,56,74.7,48,82.7,54.9,91.5,50,85.7,65.4,90.4,54.5,82.6,59.2,83.1,55.6,90.3,60.3,79.4,50.8,67.5,57.2,80.9,66.5,85.5,56.2,80,58.2,80.6
2025,4,53.1,84.5,54.5,87.3,58.2,84.5,104.6,101.2,53.7,87.3,,,,,,,,,,,46.8,81.5,49.4,78.1,49.4,76.8,58.3,87.1,49.5,98.1,50.8,78.5,58,79.6,59.2,89,58,84.6,57.7,75.6,51.1,88.3,50,78,39.8,81.6,54.9,78,41.1,80.4,63.5,94.2,50.9,85.3,53.1,90,67.7,90.3,54.4,86,57.5,80,44.1,83.6,53.5,93,50.5,89,54.1,78.6
2025,5,59,75.2,58.9,78.1,61.8,77.3,107.6,103.9,59.1,77.4,,,,,,,,,,,61.6,74.2,54.5,70.8,54.5,75.5,59,75.2,60.7,77.5,54.9,71.5,58,79,62.9,74.4,58.4,72,58.9,74.4,61.1,76.7,57.3,76.7,57.1,74.5,57.3,68.3,56.3,68.8,57.7,92.3,62.1,77.2,49.2,78.5,70.2,87.1,65.4,76.5,50.8,77.5,52.6,67.1,54.5,74.5,63.3,70.5,68.4,80.6
2025,6,57.5,69.9,58.7,71.7,61.8,74.1,104.5,106.4,58.2,71.7,,,,,,,,,,,59.4,72.6,55.6,64.6,50.3,63.2,58.3,67.3,61.8,71.4,56.9,69.9,53.9,71.3,60.8,73.5,59.4,67.5,56.5,64.2,54.4,73.3,69.3,69.3,59.2,70.4,61,70.7,65.2,66.1,53.8,75,54.5,69.2,53.8,70.8,66.1,83.1,55.9,80.1,53.3,62.5,44.7,59.9,56.5,68,54.8,69.5,67.3,85.7
2025,7,,69.9,,72.2,,74.9,,104.8,,71.8,,,,,,,,,,,,74.2,,74.7,,61.6,,70.5,,69.8,,67.5,,68.5,,72.1,,66.8,,63.4,,71.1,,82.7,,71.4,,63.4,,77.7,,69.2,,72.8,,70,,72.6,,69.9,,60,,68.4,,66.5,,70,,79.6
,,,,,,,,,,,,,,,,,,,,,,,,,,,,,,,,,,,,,,,,,,,,,,,,,,,,,,,,,,,,,,,,,,,,,,,
,,,,,,,,,,,,,,,,,,,,,,,,,,,,,,,,,,,,,,,,,,,,,,,,,,,,,,,,,,,,,,,,,,,,,,,
,,,,,,,,,,,,,,,,,,,,,,,,,,,,,,,,,,,,,,,,,,,,,,,,,,,,,,,,,,,,,,,,,,,,,,,
,,,,,,,,,,,,,,,,,,,,,,,,,,,,,,,,,,,,,,,,,,,,,,,,,,,,,,,,,,,,,,,,,,,,,,,
,,,,,,,,,,,,,,,,,,,,,,,,,,,,,,,,,,,,,,,,,,,,,,,,,,,,,,,,,,,,,,,,,,,,,,,
,,,,,,,,,,,,,,,,,,,,,,,,,,,,,,,,,,,,,,,,,,,,,,,,,,,,,,,,,,,,,,,,,,,,,,,
,,,,,,,,,,,,,,,,,,,,,,,,,,,,,,,,,,,,,,,,,,,,,,,,,,,,,,,,,,,,,,,,,,,,,,,
,,,,,,,,,,,,,,,,,,,,,,,,,,,,,,,,,,,,,,,,,,,,,,,,,,,,,,,,,,,,,,,,,,,,,,,
,,,,,,,,,,,,,,,,,,,,,,,,,,,,,,,,,,,,,,,,,,,,,,,,,,,,,,,,,,,,,,,,,,,,,,,
,,,,,,,,,,,,,,,,,,,,,,,,,,,,,,,,,,,,,,,,,,,,,,,,,,,,,,,,,,,,,,,,,,,,,,,
,,,,,,,,,,,,,,,,,,,,,,,,,,,,,,,,,,,,,,,,,,,,,,,,,,,,,,,,,,,,,,,,,,,,,,,
,,,,,,,,,,,,,,,,,,,,,,,,,,,,,,,,,,,,,,,,,,,,,,,,,,,,,,,,,,,,,,,,,,,,,,,
,,,,,,,,,,,,,,,,,,,,,,,,,,,,,,,,,,,,,,,,,,,,,,,,,,,,,,,,,,,,,,,,,,,,,,,
,,,,,,,,,,,,,,,,,,,,,,,,,,,,,,,,,,,,,,,,,,,,,,,,,,,,,,,,,,,,,,,,,,,,,,,
,,,,,,,,,,,,,,,,,,,,,,,,,,,,,,,,,,,,,,,,,,,,,,,,,,,,,,,,,,,,,,,,,,,,,,,
,,,,,,,,,,,,,,,,,,,,,,,,,,,,,,,,,,,,,,,,,,,,,,,,,,,,,,,,,,,,,,,,,,,,,,,
,,,,,,,,,,,,,,,,,,,,,,,,,,,,,,,,,,,,,,,,,,,,,,,,,,,,,,,,,,,,,,,,,,,,,,,
,,,,,,,,,,,,,,,,,,,,,,,,,,,,,,,,,,,,,,,,,,,,,,,,,,,,,,,,,,,,,,,,,,,,,,,
,,,,,,,,,,,,,,,,,,,,,,,,,,,,,,,,,,,,,,,,,,,,,,,,,,,,,,,,,,,,,,,,,,,,,,,
,,,,,,,,,,,,,,,,,,,,,,,,,,,,,,,,,,,,,,,,,,,,,,,,,,,,,,,,,,,,,,,,,,,,,,,
,,,,,,,,,,,,,,,,,,,,,,,,,,,,,,,,,,,,,,,,,,,,,,,,,,,,,,,,,,,,,,,,,,,,,,,
,,,,,,,,,,,,,,,,,,,,,,,,,,,,,,,,,,,,,,,,,,,,,,,,,,,,,,,,,,,,,,,,,,,,,,,
,,,,,,,,,,,,,,,,,,,,,,,,,,,,,,,,,,,,,,,,,,,,,,,,,,,,,,,,,,,,,,,,,,,,,,,
,,,,,,,,,,,,,,,,,,,,,,,,,,,,,,,,,,,,,,,,,,,,,,,,,,,,,,,,,,,,,,,,,,,,,,,
,,,,,,,,,,,,,,,,,,,,,,,,,,,,,,,,,,,,,,,,,,,,,,,,,,,,,,,,,,,,,,,,,,,,,,,
,,,,,,,,,,,,,,,,,,,,,,,,,,,,,,,,,,,,,,,,,,,,,,,,,,,,,,,,,,,,,,,,,,,,,,,
,,,,,,,,,,,,,,,,,,,,,,,,,,,,,,,,,,,,,,,,,,,,,,,,,,,,,,,,,,,,,,,,,,,,,,,
,,,,,,,,,,,,,,,,,,,,,,,,,,,,,,,,,,,,,,,,,,,,,,,,,,,,,,,,,,,,,,,,,,,,,,,
,,,,,,,,,,,,,,,,,,,,,,,,,,,,,,,,,,,,,,,,,,,,,,,,,,,,,,,,,,,,,,,,,,,,,,,
,,,,,,,,,,,,,,,,,,,,,,,,,,,,,,,,,,,,,,,,,,,,,,,,,,,,,,,,,,,,,,,,,,,,,,,
,,,,,,,,,,,,,,,,,,,,,,,,,,,,,,,,,,,,,,,,,,,,,,,,,,,,,,,,,,,,,,,,,,,,,,,
,,,,,,,,,,,,,,,,,,,,,,,,,,,,,,,,,,,,,,,,,,,,,,,,,,,,,,,,,,,,,,,,,,,,,,,
,,,,,,,,,,,,,,,,,,,,,,,,,,,,,,,,,,,,,,,,,,,,,,,,,,,,,,,,,,,,,,,,,,,,,,,
,,,,,,,,,,,,,,,,,,,,,,,,,,,,,,,,,,,,,,,,,,,,,,,,,,,,,,,,,,,,,,,,,,,,,,,
,,,,,,,,,,,,,,,,,,,,,,,,,,,,,,,,,,,,,,,,,,,,,,,,,,,,,,,,,,,,,,,,,,,,,,,
,,,,,,,,,,,,,,,,,,,,,,,,,,,,,,,,,,,,,,,,,,,,,,,,,,,,,,,,,,,,,,,,,,,,,,,
,,,,,,,,,,,,,,,,,,,,,,,,,,,,,,,,,,,,,,,,,,,,,,,,,,,,,,,,,,,,,,,,,,,,,,,
,,,,,,,,,,,,,,,,,,,,,,,,,,,,,,,,,,,,,,,,,,,,,,,,,,,,,,,,,,,,,,,,,,,,,,,
,,,,,,,,,,,,,,,,,,,,,,,,,,,,,,,,,,,,,,,,,,,,,,,,,,,,,,,,,,,,,,,,,,,,,,,
,,,,,,,,,,,,,,,,,,,,,,,,,,,,,,,,,,,,,,,,,,,,,,,,,,,,,,,,,,,,,,,,,,,,,,,
,,,,,,,,,,,,,,,,,,,,,,,,,,,,,,,,,,,,,,,,,,,,,,,,,,,,,,,,,,,,,,,,,,,,,,,
,,,,,,,,,,,,,,,,,,,,,,,,,,,,,,,,,,,,,,,,,,,,,,,,,,,,,,,,,,,,,,,,,,,,,,,
,,,,,,,,,,,,,,,,,,,,,,,,,,,,,,,,,,,,,,,,,,,,,,,,,,,,,,,,,,,,,,,,,,,,,,,
,,,,,,,,,,,,,,,,,,,,,,,,,,,,,,,,,,,,,,,,,,,,,,,,,,,,,,,,,,,,,,,,,,,,,,,
,,,,,,,,,,,,,,,,,,,,,,,,,,,,,,,,,,,,,,,,,,,,,,,,,,,,,,,,,,,,,,,,,,,,,,,
,,,,,,,,,,,,,,,,,,,,,,,,,,,,,,,,,,,,,,,,,,,,,,,,,,,,,,,,,,,,,,,,,,,,,,,
,,,,,,,,,,,,,,,,,,,,,,,,,,,,,,,,,,,,,,,,,,,,,,,,,,,,,,,,,,,,,,,,,,,,,,,
,,,,,,,,,,,,,,,,,,,,,,,,,,,,,,,,,,,,,,,,,,,,,,,,,,,,,,,,,,,,,,,,,,,,,,,
,,,,,,,,,,,,,,,,,,,,,,,,,,,,,,,,,,,,,,,,,,,,,,,,,,,,,,,,,,,,,,,,,,,,,,,
,,,,,,,,,,,,,,,,,,,,,,,,,,,,,,,,,,,,,,,,,,,,,,,,,,,,,,,,,,,,,,,,,,,,,,,
,,,,,,,,,,,,,,,,,,,,,,,,,,,,,,,,,,,,,,,,,,,,,,,,,,,,,,,,,,,,,,,,,,,,,,,
,,,,,,,,,,,,,,,,,,,,,,,,,,,,,,,,,,,,,,,,,,,,,,,,,,,,,,,,,,,,,,,,,,,,,,,
,,,,,,,,,,,,,,,,,,,,,,,,,,,,,,,,,,,,,,,,,,,,,,,,,,,,,,,,,,,,,,,,,,,,,,,
,,,,,,,,,,,,,,,,,,,,,,,,,,,,,,,,,,,,,,,,,,,,,,,,,,,,,,,,,,,,,,,,,,,,,,,
,,,,,,,,,,,,,,,,,,,,,,,,,,,,,,,,,,,,,,,,,,,,,,,,,,,,,,,,,,,,,,,,,,,,,,,
,,,,,,,,,,,,,,,,,,,,,,,,,,,,,,,,,,,,,,,,,,,,,,,,,,,,,,,,,,,,,,,,,,,,,,,
,,,,,,,,,,,,,,,,,,,,,,,,,,,,,,,,,,,,,,,,,,,,,,,,,,,,,,,,,,,,,,,,,,,,,,,
,,,,,,,,,,,,,,,,,,,,,,,,,,,,,,,,,,,,,,,,,,,,,,,,,,,,,,,,,,,,,,,,,,,,,,,
,,,,,,,,,,,,,,,,,,,,,,,,,,,,,,,,,,,,,,,,,,,,,,,,,,,,,,,,,,,,,,,,,,,,,,,
,,,,,,,,,,,,,,,,,,,,,,,,,,,,,,,,,,,,,,,,,,,,,,,,,,,,,,,,,,,,,,,,,,,,,,,
,,,,,,,,,,,,,,,,,,,,,,,,,,,,,,,,,,,,,,,,,,,,,,,,,,,,,,,,,,,,,,,,,,,,,,,
,,,,,,,,,,,,,,,,,,,,,,,,,,,,,,,,,,,,,,,,,,,,,,,,,,,,,,,,,,,,,,,,,,,,,,,
,,,,,,,,,,,,,,,,,,,,,,,,,,,,,,,,,,,,,,,,,,,,,,,,,,,,,,,,,,,,,,,,,,,,,,,
,,,,,,,,,,,,,,,,,,,,,,,,,,,,,,,,,,,,,,,,,,,,,,,,,,,,,,,,,,,,,,,,,,,,,,,
,,,,,,,,,,,,,,,,,,,,,,,,,,,,,,,,,,,,,,,,,,,2,,,,,,,,,,,,,,,,,,,,,,,,,,,,
