조회년도,조사월,조사일,조사회차,시군구명,병해충명,조회값
2023,6,1,1,해남군,잎도열병(발생추정면적),0.0
2023,6,1,1,해남군,잎도열병(감수율),0.0
2023,6,1,1,해남군,잎도열병(피해율),0.0
2023,6,1,1,해남군,잎도열병(발생면적율),0.0
2023,6,1,1,해남군,이삭도열병(발생추정면적),0.0
2023,6,1,1,해남군,이삭도열병(감수율),0.0
2023,6,1,1,해남군,이삭도열병(피해율),0.0
2023,6,1,1,해남군,이삭도열병(발생면적율),0.0
2023,6,1,1,해남군,잎집무늬마름병(발생추정면적),0.0
2023,6,1,1,해남군,잎집무늬마름병(감수율),0.0
2023,6,1,1,해남군,잎집무늬마름병(피해율),0.0
2023,6,1,1,해남군,잎집무늬마름병(발생면적율),0.0
2023,6,1,1,해남군,흰잎마름병(발생추정면적),0.0
2023,6,1,1,해남군,흰잎마름병(감수율),0.0
2023,6,1,1,해남군,흰잎마름병(피해율),0.0
2023,6,1,1,해남군,흰잎마름병(발생면적율),0.0
2023,6,1,1,해남군,세균벼알마름병(발생추정면적),0.0
2023,6,1,1,해남군,세균벼알마름병(감수율),0.0
2023,6,1,1,해남군,세균벼알마름병(피해율),0.0
2023,6,1,1,해남군,세균벼알마름병(발생면적율),0.0
2023,6,1,1,해남군,줄무늬잎마름병(발생면적),0.0
2023,6,1,1,해남군,줄무늬잎마름병(감수율),0.0
2023,6,1,1,해남군,줄무늬잎마름병(피해율),0.0
2023,6,1,1,해남군,줄무늬잎마름병(발생면적률),0.0
2023,6,1,1,해남군,벼검은줄오갈병(발생면적),0.0
2023,6,1,1,해남군,벼검은줄오갈병(감수율),0.0
2023,6,1,1,해남군,벼검은줄오갈병(피해율),0.0
2023,6,1,1,해남군,벼검은줄오갈병(발생면적률),0.0
2023,6,1,1,해남군,오갈병(발생면적),0.0
2023,6,1,1,해남군,오갈병(감수율),0.0
2023,6,1,1,해남군,오갈병(피해율),0.0
2023,6,1,1,해남군,오갈병(발생면적률),0.0
2023,6,1,1,해남군,이삭누룩병(발생추정면적),0.0
2023,6,1,1,해남군,이삭누룩병(감수율),0.0
2023,6,1,1,해남군,이삭누룩병(피해율),0.0
2023,6,1,1,해남군,이삭누룩병(발생면적율),0.0
2023,6,1,1,해남군,깨씨무늬병(발생추정면적),0.0
2023,6,1,1,해남군,깨씨무늬병(감수율),0.0
2023,6,1,1,해남군,깨씨무늬병(피해율),0.0
2023,6,1,1,해남군,깨씨무늬병(발생면적율),0.0
2023,6,1,1,해남군,벼잎벌레(발생추정면적),0.0
2023,6,1,1,해남군,벼잎벌레(감수율),0.0
2023,6,1,1,해남군,벼잎벌레(피해율),0.0
2023,6,1,1,해남군,벼잎벌레(발생면적율),0.0
2023,6,1,1,해남군,벼애잎굴파리(발생추정면적),0.0
2023,6,1,1,해남군,벼애잎굴파리(감수율),0.0
2023,6,1,1,해남군,벼애잎굴파리(피해율),0.0
2023,6,1,1,해남군,벼애잎굴파리(발생면적율),0.0
2023,6,1,1,해남군,벼줄기굴파리(발생추정면적),0.0
2023,6,1,1,해남군,벼줄기굴파리(감수율),0.0
2023,6,1,1,해남군,벼줄기굴파리(피해율),0.0
2023,6,1,1,해남군,벼줄기굴파리(발생면적율),0.0
2023,6,1,1,해남군,애멸구(발생추정면적),0.0
2023,6,1,1,해남군,애멸구(감수율),0.0
2023,6,1,1,해남군,애멸구(피해율),0.0
2023,6,1,1,해남군,애멸구(발생면적율),0.0
2023,6,1,1,해남군,끝동매미충(발생추정면적),0.0
2023,6,1,1,해남군,끝동매미충(감수율),0.0
2023,6,1,1,해남군,끝동매미충(피해율),0.0
2023,6,1,1,해남군,끝동매미충(발생면적율),0.0
2023,6,1,1,해남군,벼멸구(발생추정면적),0.0
2023,6,1,1,해남군,벼멸구(감수율),0.0
2023,6,1,1,해남군,벼멸구(피해율),0.0
2023,6,1,1,해남군,벼멸구(발생면적율),0.0
2023,6,1,1,해남군,흰등멸구(발생추정면적),0.0
2023,6,1,1,해남군,흰등멸구(감수율),0.0
2023,6,1,1,해남군,흰등멸구(피해율),0.0
2023,6,1,1,해남군,흰등멸구(발생면적율),0.0
2023,6,1,1,해남군,벼물바구미(발생추정면적),0.0
2023,6,1,1,해남군,벼물바구미(감수율),0.0
2023,6,1,1,해남군,벼물바구미(피해율),0.0
2023,6,1,1,해남군,벼물바구미(발생면적율),0.0
2023,6,1,1,해남군,혹명나방(발생추정면적),0.0
2023,6,1,1,해남군,혹명나방(감수율),0.0
2023,6,1,1,해남군,혹명나방(피해율),0.0
2023,6,1,1,해남군,혹명나방(발생면적율),0.0
2023,6,1,1,해남군,멸강나방(발생추정면적),0.0
2023,6,1,1,해남군,멸강나방(감수율),0.0
2023,6,1,1,해남군,멸강나방(피해율),0.0
2023,6,1,1,해남군,멸강나방(발생면적율),0.0
2023,6,1,1,해남군,먹노린재(발생추정면적),0.0
2023,6,1,1,해남군,먹노린재(감수율),0.0
2023,6,1,1,해남군,먹노린재(피해율),0.0
2023,6,1,1,해남군,먹노린재(발생면적율),0.0
2023,6,1,1,해남군,이화명나방1화기(발생면적),0.0
2023,6,1,1,해남군,이화명나방1화기(감수율),0.0
2023,6,1,1,해남군,이화명나방1화기(피해율),0.0
2023,6,1,1,해남군,이화명나방1화기(발생면적률),0.0
2023,6,1,1,해남군,이화명나방2화기(발생면적),0.0
2023,6,1,1,해남군,이화명나방2화기(감수율),0.0
2023,6,1,1,해남군,이화명나방2화기(피해율),0.0
2023,6,1,1,해남군,이화명나방2화기(발생면적률),0.0
2025,6,1,1,해남군,잎도열병(발생추정면적),0.0
2025,6,1,1,해남군,잎도열병(감수율),0.0
2025,6,1,1,해남군,잎도열병(피해율),0.0
2025,6,1,1,해남군,잎도열병(발생면적율),0.0
2025,6,1,1,해남군,이삭도열병(발생추정면적),0.0
2025,6,1,1,해남군,이삭도열병(감수율),0.0
2025,6,1,1,해남군,이삭도열병(피해율),0.0
2025,6,1,1,해남군,이삭도열병(발생면적율),0.0
2025,6,1,1,해남군,잎집무늬마름병(발생추정면적),0.0
2025,6,1,1,해남군,잎집무늬마름병(감수율),0.0
2025,6,1,1,해남군,잎집무늬마름병(피해율),0.0
2025,6,1,1,해남군,잎집무늬마름병(발생면적율),0.0
2025,6,1,1,해남군,흰잎마름병(발생추정면적),0.0
2025,6,1,1,해남군,흰잎마름병(감수율),0.0
2025,6,1,1,해남군,흰잎마름병(피해율),0.0
2025,6,1,1,해남군,흰잎마름병(발생면적율),0.0
2025,6,1,1,해남군,세균벼알마름병(발생추정면적),0.0
2025,6,1,1,해남군,세균벼알마름병(감수율),0.0
2025,6,1,1,해남군,세균벼알마름병(피해율),0.0
2025,6,1,1,해남군,세균벼알마름병(발생면적율),0.0
2025,6,1,1,해남군,줄무늬잎마름병(발생면적),0.0
2025,6,1,1,해남군,줄무늬잎마름병(감수율),0.0
2025,6,1,1,해남군,줄무늬잎마름병(피해율),0.0
2025,6,1,1,해남군,줄무늬잎마름병(발생면적률),0.0
2025,6,1,1,해남군,벼검은줄오갈병(발생면적),0.0
2025,6,1,1,해남군,벼검은줄오갈병(감수율),0.0
2025,6,1,1,해남군,벼검은줄오갈병(피해율),0.0
2025,6,1,1,해남군,벼검은줄오갈병(발생면적률),0.0
2025,6,1,1,해남군,오갈병(발생면적),0.0
2025,6,1,1,해남군,오갈병(감수율),0.0
2025,6,1,1,해남군,오갈병(피해율),0.0
2025,6,1,1,해남군,오갈병(발생면적률),0.0
2025,6,1,1,해남군,이삭누룩병(발생추정면적),0.0
2025,6,1,1,해남군,이삭누룩병(감수율),0.0
2025,6,1,1,해남군,이삭누룩병(피해율),0.0
2025,6,1,1,해남군,이삭누룩병(발생면적율),0.0
2025,6,1,1,해남군,깨씨무늬병(발생추정면적),0.0
2025,6,1,1,해남군,깨씨무늬병(감수율),0.0
2025,6,1,1,해남군,깨씨무늬병(피해율),0.0
2025,6,1,1,해남군,깨씨무늬병(발생면적율),0.0
2025,6,1,1,해남군,벼잎벌레(발생추정면적),0.0
2025,6,1,1,해남군,벼잎벌레(감수율),0.0
2025,6,1,1,해남군,벼잎벌레(피해율),0.0
2025,6,1,1,해남군,벼잎벌레(발생면적율),0.0
2025,6,1,1,해남군,벼애잎굴파리(발생추정면적),0.0
2025,6,1,1,해남군,벼애잎굴파리(감수율),0.0
2025,6,1,1,해남군,벼애잎굴파리(피해율),0.0
2025,6,1,1,해남군,벼애잎굴파리(발생면적율),0.0
2025,6,1,1,해남군,벼줄기굴파리(발생추정면적),0.0
2025,6,1,1,해남군,벼줄기굴파리(감수율),0.0
2025,6,1,1,해남군,벼줄기굴파리(피해율),0.0
2025,6,1,1,해남군,벼줄기굴파리(발생면적율),0.0
2025,6,1,1,해남군,애멸구(발생추정면적),0.0
2025,6,1,1,해남군,애멸구(감수율),0.0
2025,6,1,1,해남군,애멸구(피해율),0.0
2025,6,1,1,해남군,애멸구(발생면적율),0.0
2025,6,1,1,해남군,끝동매미충(발생추정면적),0.0
2025,6,1,1,해남군,끝동매미충(감수율),0.0
2025,6,1,1,해남군,끝동매미충(피해율),0.0
2025,6,1,1,해남군,끝동매미충(발생면적율),0.0
2025,6,1,1,해남군,벼멸구(발생추정면적),0.0
2025,6,1,1,해남군,벼멸구(감수율),0.0
2025,6,1,1,해남군,벼멸구(피해율),0.0
2025,6,1,1,해남군,벼멸구(발생면적율),0.0
2025,6,1,1,해남군,흰등멸구(발생추정면적),0.0
2025,6,1,1,해남군,흰등멸구(감수율),0.0
2025,6,1,1,해남군,흰등멸구(피해율),0.0
2025,6,1,1,해남군,흰등멸구(발생면적율),0.0
2025,6,1,1,해남군,벼물바구미(발생추정면적),0.0
2025,6,1,1,해남군,벼물바구미(감수율),0.0
2025,6,1,1,해남군,벼물바구미(피해율),0.0
2025,6,1,1,해남군,벼물바구미(발생면적율),0.0
2025,6,1,1,해남군,혹명나방(발생추정면적),0.0
2025,6,1,1,해남군,혹명나방(감수율),0.0
2025,6,1,1,해남군,혹명나방(피해율),0.0
2025,6,1,1,해남군,혹명나방(발생면적율),0.0
2025,6,1,1,해남군,멸강나방(발생추정면적),0.0
2025,6,1,1,해남군,멸강나방(감수율),0.0
2025,6,1,1,해남군,멸강나방(피해율),0.0
2025,6,1,1,해남군,멸강나방(발생면적율),0.0
2025,6,1,1,해남군,먹노린재(발생추정면적),0.0
2025,6,1,1,해남군,먹노린재(감수율),0.0
2025,6,1,1,해남군,먹노린재(피해율),0.0
2025,6,1,1,해남군,먹노린재(발생면적율),0.0
2025,6,1,1,해남군,이화명나방1화기(발생면적),0.0
2025,6,1,1,해남군,이화명나방1화기(감수율),0.0
2025,6,1,1,해남군,이화명나방1화기(피해율),0.0
2025,6,1,1,해남군,이화명나방1화기(발생면적률),0.0
2025,6,1,1,해남군,이화명나방2화기(발생면적),0.0
2025,6,1,1,해남군,이화명나방2화기(감수율),0.0
2025,6,1,1,해남군,이화명나방2화기(피해율),0.0
2025,6,1,1,해남군,이화명나방2화기(발생면적률),0.0
2025,6,1,1,해남군,바이러스병(발생추정면적),0.0
2025,6,1,1,해남군,바이러스병(감수율),0.0
2025,6,1,1,해남군,바이러스병(피해율),0.0
2025,6,1,1,해남군,바이러스병(발생면적율),0.0
2025,6,1,1,해남군,키다리병(발생추정면적),0.0
2025,6,1,1,해남군,키다리병(감수율),0.0
2025,6,1,1,해남군,키다리병(피해율),0.0
2025,6,1,1,해남군,키다리병(발생면적율),0.0
2025,6,1,1,해남군,이화명나방(발생추정면적),0.0
2025,6,1,1,해남군,이화명나방(감수율),0.0
2025,6,1,1,해남군,이화명나방(피해율),0.0
2025,6,1,1,해남군,이화명나방(발생면적율),0.0
2025,6,1,1,해남군,벼애나방(발생추정면적),0.0
2025,6,1,1,해남군,벼애나방(감수율),0.0
2025,6,1,1,해남군,벼애나방(피해율),0.0
2025,6,1,1,해남군,벼애나방(발생면적율),0.0
2025,6,1,1,해남군,벼잎선충(발생추정면적),0.0
2025,6,1,1,해남군,벼잎선충(감수율),0.0
2025,6,1,1,해남군,벼잎선충(피해율),0.0
2025,6,1,1,해남군,벼잎선충(발생면적율),0.0
2024,6,1,1,해남군,잎도열병(발생추정면적),0.0
2024,6,1,1,해남군,잎도열병(감수율),0.0
2024,6,1,1,해남군,잎도열병(피해율),0.0
2024,6,1,1,해남군,잎도열병(발생면적율),0.0
2024,6,1,1,해남군,이삭도열병(발생추정면적),0.0
2024,6,1,1,해남군,이삭도열병(감수율),0.0
2024,6,1,1,해남군,이삭도열병(피해율),0.0
2024,6,1,1,해남군,이삭도열병(발생면적율),0.0
2024,6,1,1,해남군,잎집무늬마름병(발생추정면적),0.0
2024,6,1,1,해남군,잎집무늬마름병(감수율),0.0
2024,6,1,1,해남군,잎집무늬마름병(피해율),0.0
2024,6,1,1,해남군,잎집무늬마름병(발생면적율),0.0
2024,6,1,1,해남군,흰잎마름병(발생추정면적),0.0
2024,6,1,1,해남군,흰잎마름병(감수율),0.0
2024,6,1,1,해남군,흰잎마름병(피해율),0.0
2024,6,1,1,해남군,흰잎마름병(발생면적율),0.0
2024,6,1,1,해남군,세균벼알마름병(발생추정면적),0.0
2024,6,1,1,해남군,세균벼알마름병(감수율),0.0
2024,6,1,1,해남군,세균벼알마름병(피해율),0.0
2024,6,1,1,해남군,세균벼알마름병(발생면적율),0.0
2024,6,1,1,해남군,줄무늬잎마름병(발생면적),0.0
2024,6,1,1,해남군,줄무늬잎마름병(감수율),0.0
2024,6,1,1,해남군,줄무늬잎마름병(피해율),0.0
2024,6,1,1,해남군,줄무늬잎마름병(발생면적률),0.0
2024,6,1,1,해남군,벼검은줄오갈병(발생면적),0.0
2024,6,1,1,해남군,벼검은줄오갈병(감수율),0.0
2024,6,1,1,해남군,벼검은줄오갈병(피해율),0.0
2024,6,1,1,해남군,벼검은줄오갈병(발생면적률),0.0
2024,6,1,1,해남군,오갈병(발생면적),0.0
2024,6,1,1,해남군,오갈병(감수율),0.0
2024,6,1,1,해남군,오갈병(피해율),0.0
2024,6,1,1,해남군,오갈병(발생면적률),0.0
2024,6,1,1,해남군,이삭누룩병(발생추정면적),0.0
2024,6,1,1,해남군,이삭누룩병(감수율),0.0
2024,6,1,1,해남군,이삭누룩병(피해율),0.0
2024,6,1,1,해남군,이삭누룩병(발생면적율),0.0
2024,6,1,1,해남군,깨씨무늬병(발생추정면적),0.0
2024,6,1,1,해남군,깨씨무늬병(감수율),0.0
2024,6,1,1,해남군,깨씨무늬병(피해율),0.0
2024,6,1,1,해남군,깨씨무늬병(발생면적율),0.0
2024,6,1,1,해남군,벼잎벌레(발생추정면적),0.0
2024,6,1,1,해남군,벼잎벌레(감수율),0.0
2024,6,1,1,해남군,벼잎벌레(피해율),0.0
2024,6,1,1,해남군,벼잎벌레(발생면적율),0.0
2024,6,1,1,해남군,벼애잎굴파리(발생추정면적),0.0
2024,6,1,1,해남군,벼애잎굴파리(감수율),0.0
2024,6,1,1,해남군,벼애잎굴파리(피해율),0.0
2024,6,1,1,해남군,벼애잎굴파리(발생면적율),0.0
2024,6,1,1,해남군,벼줄기굴파리(발생추정면적),0.0
2024,6,1,1,해남군,벼줄기굴파리(감수율),0.0
2024,6,1,1,해남군,벼줄기굴파리(피해율),0.0
2024,6,1,1,해남군,벼줄기굴파리(발생면적율),0.0
2024,6,1,1,해남군,애멸구(발생추정면적),0.0
2024,6,1,1,해남군,애멸구(감수율),0.0
2024,6,1,1,해남군,애멸구(피해율),0.0
2024,6,1,1,해남군,애멸구(발생면적율),0.0
2024,6,1,1,해남군,끝동매미충(발생추정면적),0.0
2024,6,1,1,해남군,끝동매미충(감수율),0.0
2024,6,1,1,해남군,끝동매미충(피해율),0.0
2024,6,1,1,해남군,끝동매미충(발생면적율),0.0
2024,6,1,1,해남군,벼멸구(발생추정면적),0.0
2024,6,1,1,해남군,벼멸구(감수율),0.0
2024,6,1,1,해남군,벼멸구(피해율),0.0
2024,6,1,1,해남군,벼멸구(발생면적율),0.0
2024,6,1,1,해남군,흰등멸구(발생추정면적),0.0
2024,6,1,1,해남군,흰등멸구(감수율),0.0
2024,6,1,1,해남군,흰등멸구(피해율),0.0
2024,6,1,1,해남군,흰등멸구(발생면적율),0.0
2024,6,1,1,해남군,벼물바구미(발생추정면적),0.0
2024,6,1,1,해남군,벼물바구미(감수율),0.0
2024,6,1,1,해남군,벼물바구미(피해율),0.0
2024,6,1,1,해남군,벼물바구미(발생면적율),0.0
2024,6,1,1,해남군,혹명나방(발생추정면적),0.0
2024,6,1,1,해남군,혹명나방(감수율),0.0
2024,6,1,1,해남군,혹명나방(피해율),0.0
2024,6,1,1,해남군,혹명나방(발생면적율),0.0
2024,6,1,1,해남군,멸강나방(발생추정면적),0.0
2024,6,1,1,해남군,멸강나방(감수율),0.0
2024,6,1,1,해남군,멸강나방(피해율),0.0
2024,6,1,1,해남군,멸강나방(발생면적율),0.0
2024,6,1,1,해남군,먹노린재(발생추정면적),0.0
2024,6,1,1,해남군,먹노린재(감수율),0.0
2024,6,1,1,해남군,먹노린재(피해율),0.0
2024,6,1,1,해남군,먹노린재(발생면적율),0.0
2024,6,1,1,해남군,이화명나방1화기(발생면적),0.0
2024,6,1,1,해남군,이화명나방1화기(감수율),0.0
2024,6,1,1,해남군,이화명나방1화기(피해율),0.0
2024,6,1,1,해남군,이화명나방1화기(발생면적률),0.0
2024,6,1,1,해남군,이화명나방2화기(발생면적),0.0
2024,6,1,1,해남군,이화명나방2화기(감수율),0.0
2024,6,1,1,해남군,이화명나방2화기(피해율),0.0
2024,6,1,1,해남군,이화명나방2화기(발생면적률),0.0
2024,6,16,2,해남군,잎도열병(발생추정면적),0.0
2024,6,16,2,해남군,잎도열병(감수율),0.0
2024,6,16,2,해남군,잎도열병(피해율),0.0
2024,6,16,2,해남군,잎도열병(발생면적율),0.0
2024,6,16,2,해남군,이삭도열병(발생추정면적),0.0
2024,6,16,2,해남군,이삭도열병(감수율),0.0
2024,6,16,2,해남군,이삭도열병(피해율),0.0
2024,6,16,2,해남군,이삭도열병(발생면적율),0.0
2024,6,16,2,해남군,잎집무늬마름병(발생추정면적),0.0
2024,6,16,2,해남군,잎집무늬마름병(감수율),0.0
2024,6,16,2,해남군,잎집무늬마름병(피해율),0.0
2024,6,16,2,해남군,잎집무늬마름병(발생면적율),0.0
2024,6,16,2,해남군,흰잎마름병(발생추정면적),0.0
2024,6,16,2,해남군,흰잎마름병(감수율),0.0
2024,6,16,2,해남군,흰잎마름병(피해율),0.0
2024,6,16,2,해남군,흰잎마름병(발생면적율),0.0
2024,6,16,2,해남군,세균벼알마름병(발생추정면적),0.0
2024,6,16,2,해남군,세균벼알마름병(감수율),0.0
2024,6,16,2,해남군,세균벼알마름병(피해율),0.0
2024,6,16,2,해남군,세균벼알마름병(발생면적율),0.0
2024,6,16,2,해남군,줄무늬잎마름병(발생면적),0.0
2024,6,16,2,해남군,줄무늬잎마름병(감수율),0.0
2024,6,16,2,해남군,줄무늬잎마름병(피해율),0.0
2024,6,16,2,해남군,줄무늬잎마름병(발생면적률),0.0
2024,6,16,2,해남군,벼검은줄오갈병(발생면적),0.0
2024,6,16,2,해남군,벼검은줄오갈병(감수율),0.0
2024,6,16,2,해남군,벼검은줄오갈병(피해율),0.0
2024,6,16,2,해남군,벼검은줄오갈병(발생면적률),0.0
2024,6,16,2,해남군,오갈병(발생면적),0.0
2024,6,16,2,해남군,오갈병(감수율),0.0
2024,6,16,2,해남군,오갈병(피해율),0.0
2024,6,16,2,해남군,오갈병(발생면적률),0.0
2024,6,16,2,해남군,이삭누룩병(발생추정면적),0.0
2024,6,16,2,해남군,이삭누룩병(감수율),0.0
2024,6,16,2,해남군,이삭누룩병(피해율),0.0
2024,6,16,2,해남군,이삭누룩병(발생면적율),0.0
2024,6,16,2,해남군,깨씨무늬병(발생추정면적),0.0
2024,6,16,2,해남군,깨씨무늬병(감수율),0.0
2024,6,16,2,해남군,깨씨무늬병(피해율),0.0
2024,6,16,2,해남군,깨씨무늬병(발생면적율),0.0
2024,6,16,2,해남군,벼잎벌레(발생추정면적),0.0
2024,6,16,2,해남군,벼잎벌레(감수율),0.0
2024,6,16,2,해남군,벼잎벌레(피해율),0.0
2024,6,16,2,해남군,벼잎벌레(발생면적율),0.0
2024,6,16,2,해남군,벼애잎굴파리(발생추정면적),0.0
2024,6,16,2,해남군,벼애잎굴파리(감수율),0.0
2024,6,16,2,해남군,벼애잎굴파리(피해율),0.0
2024,6,16,2,해남군,벼애잎굴파리(발생면적율),0.0
2024,6,16,2,해남군,벼줄기굴파리(발생추정면적),0.0
2024,6,16,2,해남군,벼줄기굴파리(감수율),0.0
2024,6,16,2,해남군,벼줄기굴파리(피해율),0.0
2024,6,16,2,해남군,벼줄기굴파리(발생면적율),0.0
2024,6,16,2,해남군,애멸구(발생추정면적),0.0
2024,6,16,2,해남군,애멸구(감수율),0.0
2024,6,16,2,해남군,애멸구(피해율),0.0
2024,6,16,2,해남군,애멸구(발생면적율),0.0
2024,6,16,2,해남군,끝동매미충(발생추정면적),0.0
2024,6,16,2,해남군,끝동매미충(감수율),0.0
2024,6,16,2,해남군,끝동매미충(피해율),0.0
2024,6,16,2,해남군,끝동매미충(발생면적율),0.0
2024,6,16,2,해남군,벼멸구(발생추정면적),0.0
2024,6,16,2,해남군,벼멸구(감수율),0.0
2024,6,16,2,해남군,벼멸구(피해율),0.0
2024,6,16,2,해남군,벼멸구(발생면적율),0.0
2024,6,16,2,해남군,흰등멸구(발생추정면적),0.0
2024,6,16,2,해남군,흰등멸구(감수율),0.0
2024,6,16,2,해남군,흰등멸구(피해율),0.0
2024,6,16,2,해남군,흰등멸구(발생면적율),0.0
2024,6,16,2,해남군,벼물바구미(발생추정면적),0.0
2024,6,16,2,해남군,벼물바구미(감수율),0.0
2024,6,16,2,해남군,벼물바구미(피해율),0.0
2024,6,16,2,해남군,벼물바구미(발생면적율),0.0
2024,6,16,2,해남군,혹명나방(발생추정면적),0.0
2024,6,16,2,해남군,혹명나방(감수율),0.0
2024,6,16,2,해남군,혹명나방(피해율),0.0
2024,6,16,2,해남군,혹명나방(발생면적율),0.0
2024,6,16,2,해남군,멸강나방(발생추정면적),0.0
2024,6,16,2,해남군,멸강나방(감수율),0.0
2024,6,16,2,해남군,멸강나방(피해율),0.0
2024,6,16,2,해남군,멸강나방(발생면적율),0.0
2024,6,16,2,해남군,먹노린재(발생추정면적),0.0
2024,6,16,2,해남군,먹노린재(감수율),0.0
2024,6,16,2,해남군,먹노린재(피해율),0.0
2024,6,16,2,해남군,먹노린재(발생면적율),0.0
2024,6,16,2,해남군,이화명나방1화기(발생면적),0.0
2024,6,16,2,해남군,이화명나방1화기(감수율),0.0
2024,6,16,2,해남군,이화명나방1화기(피해율),0.0
2024,6,16,2,해남군,이화명나방1화기(발생면적률),0.0
2024,6,16,2,해남군,이화명나방2화기(발생면적),0.0
2024,6,16,2,해남군,이화명나방2화기(감수율),0.0
2024,6,16,2,해남군,이화명나방2화기(피해율),0.0
2024,6,16,2,해남군,이화명나방2화기(발생면적률),0.0
2025,9,16,8,해남군,잎도열병(발생추정면적),0.0
2025,9,16,8,해남군,잎도열병(감수율),0.0
2025,9,16,8,해남군,잎도열병(피해율),0.0
2025,9,16,8,해남군,잎도열병(발생면적율),0.0
2025,9,16,8,해남군,이삭도열병(발생추정면적),0.0
2025,9,16,8,해남군,이삭도열병(감수율),0.0
2025,9,16,8,해남군,이삭도열병(피해율),0.0
2025,9,16,8,해남군,이삭도열병(발생면적율),0.0
2025,9,16,8,해남군,잎집무늬마름병(발생추정면적),1526.058
2025,9,16,8,해남군,잎집무늬마름병(감수율),0.374
2025,9,16,8,해남군,잎집무늬마름병(피해율),1.869
2025,9,16,8,해남군,잎집무늬마름병(발생면적율),7.82
2025,9,16,8,해남군,흰잎마름병(발생추정면적),0.0
2025,9,16,8,해남군,흰잎마름병(감수율),0.0
2025,9,16,8,해남군,흰잎마름병(피해율),0.0
2025,9,16,8,해남군,흰잎마름병(발생면적율),0.0
2025,9,16,8,해남군,세균벼알마름병(발생추정면적),0.0
2025,9,16,8,해남군,세균벼알마름병(감수율),0.0
2025,9,16,8,해남군,세균벼알마름병(피해율),0.0
2025,9,16,8,해남군,세균벼알마름병(발생면적율),0.0
2025,9,16,8,해남군,줄무늬잎마름병(발생면적),0.0
2025,9,16,8,해남군,줄무늬잎마름병(감수율),0.0
2025,9,16,8,해남군,줄무늬잎마름병(피해율),0.0
2025,9,16,8,해남군,줄무늬잎마름병(발생면적률),0.0
2025,9,16,8,해남군,벼검은줄오갈병(발생면적),0.0
2025,9,16,8,해남군,벼검은줄오갈병(감수율),0.0
2025,9,16,8,해남군,벼검은줄오갈병(피해율),0.0
2025,9,16,8,해남군,벼검은줄오갈병(발생면적률),0.0
2025,9,16,8,해남군,오갈병(발생면적),0.0
2025,9,16,8,해남군,오갈병(감수율),0.0
2025,9,16,8,해남군,오갈병(피해율),0.0
2025,9,16,8,해남군,오갈병(발생면적률),0.0
2025,9,16,8,해남군,이삭누룩병(발생추정면적),0.0
2025,9,16,8,해남군,이삭누룩병(감수율),0.0
2025,9,16,8,해남군,이삭누룩병(피해율),0.0
2025,9,16,8,해남군,이삭누룩병(발생면적율),0.0
2025,9,16,8,해남군,깨씨무늬병(발생추정면적),731.38
2025,9,16,8,해남군,깨씨무늬병(감수율),0.307
2025,9,16,8,해남군,깨씨무늬병(피해율),1.537
2025,9,16,8,해남군,깨씨무늬병(발생면적율),3.748
2025,9,16,8,해남군,벼잎벌레(발생추정면적),0.0
2025,9,16,8,해남군,벼잎벌레(감수율),0.0
2025,9,16,8,해남군,벼잎벌레(피해율),0.0
2025,9,16,8,해남군,벼잎벌레(발생면적율),0.0
2025,9,16,8,해남군,벼애잎굴파리(발생추정면적),0.0
2025,9,16,8,해남군,벼애잎굴파리(감수율),0.0
2025,9,16,8,해남군,벼애잎굴파리(피해율),0.0
2025,9,16,8,해남군,벼애잎굴파리(발생면적율),0.0
2025,9,16,8,해남군,벼줄기굴파리(발생추정면적),0.0
2025,9,16,8,해남군,벼줄기굴파리(감수율),0.0
2025,9,16,8,해남군,벼줄기굴파리(피해율),0.0
2025,9,16,8,해남군,벼줄기굴파리(발생면적율),0.0
2025,9,16,8,해남군,애멸구(발생추정면적),0.0
2025,9,16,8,해남군,애멸구(감수율),0.0
2025,9,16,8,해남군,애멸구(피해율),0.0
2025,9,16,8,해남군,애멸구(발생면적율),0.0
2025,9,16,8,해남군,끝동매미충(발생추정면적),0.0
2025,9,16,8,해남군,끝동매미충(감수율),0.0
2025,9,16,8,해남군,끝동매미충(피해율),0.0
2025,9,16,8,해남군,끝동매미충(발생면적율),0.0
2025,9,16,8,해남군,벼멸구(발생추정면적),491.637
2025,9,16,8,해남군,벼멸구(감수율),0.383
2025,9,16,8,해남군,벼멸구(피해율),0.957
2025,9,16,8,해남군,벼멸구(발생면적율),2.53
2025,9,16,8,해남군,흰등멸구(발생추정면적),0.0
2025,9,16,8,해남군,흰등멸구(감수율),0.0
2025,9,16,8,해남군,흰등멸구(피해율),0.0
2025,9,16,8,해남군,흰등멸구(발생면적율),0.0
2025,9,16,8,해남군,벼물바구미(발생추정면적),0.0
2025,9,16,8,해남군,벼물바구미(감수율),0.0
2025,9,16,8,해남군,벼물바구미(피해율),0.0
2025,9,16,8,해남군,벼물바구미(발생면적율),0.0
2025,9,16,8,해남군,혹명나방(발생추정면적),495.108
2025,9,16,8,해남군,혹명나방(감수율),0.045
2025,9,16,8,해남군,혹명나방(피해율),0.226
2025,9,16,8,해남군,혹명나방(발생면적율),2.537
2025,9,16,8,해남군,멸강나방(발생추정면적),0.0
2025,9,16,8,해남군,멸강나방(감수율),0.0
2025,9,16,8,해남군,멸강나방(피해율),0.0
2025,9,16,8,해남군,멸강나방(발생면적율),0.0
2025,9,16,8,해남군,먹노린재(발생추정면적),0.0
2025,9,16,8,해남군,먹노린재(감수율),0.0
2025,9,16,8,해남군,먹노린재(피해율),0.0
2025,9,16,8,해남군,먹노린재(발생면적율),0.0
2025,9,16,8,해남군,이화명나방1화기(발생면적),0.0
2025,9,16,8,해남군,이화명나방1화기(감수율),0.0
2025,9,16,8,해남군,이화명나방1화기(피해율),0.0
2025,9,16,8,해남군,이화명나방1화기(발생면적률),0.0
2025,9,16,8,해남군,이화명나방2화기(발생면적),0.0
2025,9,16,8,해남군,이화명나방2화기(감수율),0.0
2025,9,16,8,해남군,이화명나방2화기(피해율),0.0
2025,9,16,8,해남군,이화명나방2화기(발생면적률),0.0
2025,9,16,8,해남군,바이러스병(발생추정면적),0.0
2025,9,16,8,해남군,바이러스병(감수율),0.0
2025,9,16,8,해남군,바이러스병(피해율),0.0
2025,9,16,8,해남군,바이러스병(발생면적율),0.0
2025,9,16,8,해남군,키다리병(발생추정면적),0.0
2025,9,16,8,해남군,키다리병(감수율),0.0
2025,9,16,8,해남군,키다리병(피해율),0.0
2025,9,16,8,해남군,키다리병(발생면적율),0.0
2025,9,16,8,해남군,이화명나방(발생추정면적),0.0
2025,9,16,8,해남군,이화명나방(감수율),0.0
2025,9,16,8,해남군,이화명나방(피해율),0.0
2025,9,16,8,해남군,이화명나방(발생면적율),0.0
2025,9,16,8,해남군,벼애나방(발생추정면적),0.0
2025,9,16,8,해남군,벼애나방(감수율),0.0
2025,9,16,8,해남군,벼애나방(피해율),0.0
2025,9,16,8,해남군,벼애나방(발생면적율),0.0
2025,9,16,8,해남군,벼잎선충(발생추정면적),0.0
2025,9,16,8,해남군,벼잎선충(감수율),0.0
2025,9,16,8,해남군,벼잎선충(피해율),0.0
2025,9,16,8,해남군,벼잎선충(발생면적율),0.0
2025,8,16,6,해남군,잎도열병(발생추정면적),0.0
2025,8,16,6,해남군,잎도열병(감수율),0.0
2025,8,16,6,해남군,잎도열병(피해율),0.0
2025,8,16,6,해남군,잎도열병(발생면적율),0.0
2025,8,16,6,해남군,이삭도열병(발생추정면적),181.122
2025,8,16,6,해남군,이삭도열병(감수율),0.016
2025,8,16,6,해남군,이삭도열병(피해율),0.023
2025,8,16,6,해남군,이삭도열병(발생면적율),0.928
2025,8,16,6,해남군,잎집무늬마름병(발생추정면적),1595.624
2025,8,16,6,해남군,잎집무늬마름병(감수율),0.327
2025,8,16,6,해남군,잎집무늬마름병(피해율),1.635
2025,8,16,6,해남군,잎집무늬마름병(발생면적율),8.176
2025,8,16,6,해남군,흰잎마름병(발생추정면적),0.0
2025,8,16,6,해남군,흰잎마름병(감수율),0.0
2025,8,16,6,해남군,흰잎마름병(피해율),0.0
2025,8,16,6,해남군,흰잎마름병(발생면적율),0.0
2025,8,16,6,해남군,세균벼알마름병(발생추정면적),0.0
2025,8,16,6,해남군,세균벼알마름병(감수율),0.0
2025,8,16,6,해남군,세균벼알마름병(피해율),0.0
2025,8,16,6,해남군,세균벼알마름병(발생면적율),0.0
2025,8,16,6,해남군,줄무늬잎마름병(발생면적),0.0
2025,8,16,6,해남군,줄무늬잎마름병(감수율),0.0
2025,8,16,6,해남군,줄무늬잎마름병(피해율),0.0
2025,8,16,6,해남군,줄무늬잎마름병(발생면적률),0.0
2025,8,16,6,해남군,벼검은줄오갈병(발생면적),0.0
2025,8,16,6,해남군,벼검은줄오갈병(감수율),0.0
2025,8,16,6,해남군,벼검은줄오갈병(피해율),0.0
2025,8,16,6,해남군,벼검은줄오갈병(발생면적률),0.0
2025,8,16,6,해남군,오갈병(발생면적),0.0
2025,8,16,6,해남군,오갈병(감수율),0.0
2025,8,16,6,해남군,오갈병(피해율),0.0
2025,8,16,6,해남군,오갈병(발생면적률),0.0
2025,8,16,6,해남군,이삭누룩병(발생추정면적),0.0
2025,8,16,6,해남군,이삭누룩병(감수율),0.0
2025,8,16,6,해남군,이삭누룩병(피해율),0.0
2025,8,16,6,해남군,이삭누룩병(발생면적율),0.0
2025,8,16,6,해남군,깨씨무늬병(발생추정면적),0.0
2025,8,16,6,해남군,깨씨무늬병(감수율),0.0
2025,8,16,6,해남군,깨씨무늬병(피해율),0.0
2025,8,16,6,해남군,깨씨무늬병(발생면적율),0.0
2025,8,16,6,해남군,벼잎벌레(발생추정면적),0.0
2025,8,16,6,해남군,벼잎벌레(감수율),0.0
2025,8,16,6,해남군,벼잎벌레(피해율),0.0
2025,8,16,6,해남군,벼잎벌레(발생면적율),0.0
2025,8,16,6,해남군,벼애잎굴파리(발생추정면적),0.0
2025,8,16,6,해남군,벼애잎굴파리(감수율),0.0
2025,8,16,6,해남군,벼애잎굴파리(피해율),0.0
2025,8,16,6,해남군,벼애잎굴파리(발생면적율),0.0
2025,8,16,6,해남군,벼줄기굴파리(발생추정면적),0.0
2025,8,16,6,해남군,벼줄기굴파리(감수율),0.0
2025,8,16,6,해남군,벼줄기굴파리(피해율),0.0
2025,8,16,6,해남군,벼줄기굴파리(발생면적율),0.0
2025,8,16,6,해남군,애멸구(발생추정면적),0.0
2025,8,16,6,해남군,애멸구(감수율),0.0
2025,8,16,6,해남군,애멸구(피해율),0.0
2025,8,16,6,해남군,애멸구(발생면적율),0.0
2025,8,16,6,해남군,끝동매미충(발생추정면적),0.0
2025,8,16,6,해남군,끝동매미충(감수율),0.0
2025,8,16,6,해남군,끝동매미충(피해율),0.0
2025,8,16,6,해남군,끝동매미충(발생면적율),0.0
2025,8,16,6,해남군,벼멸구(발생추정면적),197.416
2025,8,16,6,해남군,벼멸구(감수율),0.04
2025,8,16,6,해남군,벼멸구(피해율),0.101
2025,8,16,6,해남군,벼멸구(발생면적율),1.012
2025,8,16,6,해남군,흰등멸구(발생추정면적),0.0
2025,8,16,6,해남군,흰등멸구(감수율),0.0
2025,8,16,6,해남군,흰등멸구(피해율),0.0
2025,8,16,6,해남군,흰등멸구(발생면적율),0.0
2025,8,16,6,해남군,벼물바구미(발생추정면적),0.0
2025,8,16,6,해남군,벼물바구미(감수율),0.0
2025,8,16,6,해남군,벼물바구미(피해율),0.0
2025,8,16,6,해남군,벼물바구미(발생면적율),0.0
2025,8,16,6,해남군,혹명나방(발생추정면적),552.138
2025,8,16,6,해남군,혹명나방(감수율),0.028
2025,8,16,6,해남군,혹명나방(피해율),0.142
2025,8,16,6,해남군,혹명나방(발생면적율),2.829
2025,8,16,6,해남군,멸강나방(발생추정면적),0.0
2025,8,16,6,해남군,멸강나방(감수율),0.0
2025,8,16,6,해남군,멸강나방(피해율),0.0
2025,8,16,6,해남군,멸강나방(발생면적율),0.0
2025,8,16,6,해남군,먹노린재(발생추정면적),0.0
2025,8,16,6,해남군,먹노린재(감수율),0.0
2025,8,16,6,해남군,먹노린재(피해율),0.0
2025,8,16,6,해남군,먹노린재(발생면적율),0.0
2025,8,16,6,해남군,이화명나방1화기(발생면적),0.0
2025,8,16,6,해남군,이화명나방1화기(감수율),0.0
2025,8,16,6,해남군,이화명나방1화기(피해율),0.0
2025,8,16,6,해남군,이화명나방1화기(발생면적률),0.0
2025,8,16,6,해남군,이화명나방2화기(발생면적),0.0
2025,8,16,6,해남군,이화명나방2화기(감수율),0.0
2025,8,16,6,해남군,이화명나방2화기(피해율),0.0
2025,8,16,6,해남군,이화명나방2화기(발생면적률),0.0
2025,8,16,6,해남군,바이러스병(발생추정면적),0.0
2025,8,16,6,해남군,바이러스병(감수율),0.0
2025,8,16,6,해남군,바이러스병(피해율),0.0
2025,8,16,6,해남군,바이러스병(발생면적율),0.0
2025,8,16,6,해남군,키다리병(발생추정면적),0.0
2025,8,16,6,해남군,키다리병(감수율),0.0
2025,8,16,6,해남군,키다리병(피해율),0.0
2025,8,16,6,해남군,키다리병(발생면적율),0.0
2025,8,16,6,해남군,이화명나방(발생추정면적),0.0
2025,8,16,6,해남군,이화명나방(감수율),0.0
2025,8,16,6,해남군,이화명나방(피해율),0.0
2025,8,16,6,해남군,이화명나방(발생면적율),0.0
2025,8,16,6,해남군,벼애나방(발생추정면적),0.0
2025,8,16,6,해남군,벼애나방(감수율),0.0
2025,8,16,6,해남군,벼애나방(피해율),0.0
2025,8,16,6,해남군,벼애나방(발생면적율),0.0
2025,8,16,6,해남군,벼잎선충(발생추정면적),0.0
2025,8,16,6,해남군,벼잎선충(감수율),0.0
2025,8,16,6,해남군,벼잎선충(피해율),0.0
2025,8,16,6,해남군,벼잎선충(발생면적율),0.0
2023,6,16,2,해남군,잎도열병(발생추정면적),0.0
2023,6,16,2,해남군,잎도열병(감수율),0.0
2023,6,16,2,해남군,잎도열병(피해율),0.0
2023,6,16,2,해남군,잎도열병(발생면적율),0.0
2023,6,16,2,해남군,이삭도열병(발생추정면적),0.0
2023,6,16,2,해남군,이삭도열병(감수율),0.0
2023,6,16,2,해남군,이삭도열병(피해율),0.0
2023,6,16,2,해남군,이삭도열병(발생면적율),0.0
2023,6,16,2,해남군,잎집무늬마름병(발생추정면적),0.0
2023,6,16,2,해남군,잎집무늬마름병(감수율),0.0
2023,6,16,2,해남군,잎집무늬마름병(피해율),0.0
2023,6,16,2,해남군,잎집무늬마름병(발생면적율),0.0
2023,6,16,2,해남군,흰잎마름병(발생추정면적),0.0
2023,6,16,2,해남군,흰잎마름병(감수율),0.0
2023,6,16,2,해남군,흰잎마름병(피해율),0.0
2023,6,16,2,해남군,흰잎마름병(발생면적율),0.0
2023,6,16,2,해남군,세균벼알마름병(발생추정면적),0.0
2023,6,16,2,해남군,세균벼알마름병(감수율),0.0
2023,6,16,2,해남군,세균벼알마름병(피해율),0.0
2023,6,16,2,해남군,세균벼알마름병(발생면적율),0.0
2023,6,16,2,해남군,줄무늬잎마름병(발생면적),0.0
2023,6,16,2,해남군,줄무늬잎마름병(감수율),0.0
2023,6,16,2,해남군,줄무늬잎마름병(피해율),0.0
2023,6,16,2,해남군,줄무늬잎마름병(발생면적률),0.0
2023,6,16,2,해남군,벼검은줄오갈병(발생면적),0.0
2023,6,16,2,해남군,벼검은줄오갈병(감수율),0.0
2023,6,16,2,해남군,벼검은줄오갈병(피해율),0.0
2023,6,16,2,해남군,벼검은줄오갈병(발생면적률),0.0
2023,6,16,2,해남군,오갈병(발생면적),0.0
2023,6,16,2,해남군,오갈병(감수율),0.0
2023,6,16,2,해남군,오갈병(피해율),0.0
2023,6,16,2,해남군,오갈병(발생면적률),0.0
2023,6,16,2,해남군,이삭누룩병(발생추정면적),0.0
2023,6,16,2,해남군,이삭누룩병(감수율),0.0
2023,6,16,2,해남군,이삭누룩병(피해율),0.0
2023,6,16,2,해남군,이삭누룩병(발생면적율),0.0
2023,6,16,2,해남군,깨씨무늬병(발생추정면적),0.0
2023,6,16,2,해남군,깨씨무늬병(감수율),0.0
2023,6,16,2,해남군,깨씨무늬병(피해율),0.0
2023,6,16,2,해남군,깨씨무늬병(발생면적율),0.0
2023,6,16,2,해남군,벼잎벌레(발생추정면적),0.0
2023,6,16,2,해남군,벼잎벌레(감수율),0.0
2023,6,16,2,해남군,벼잎벌레(피해율),0.0
2023,6,16,2,해남군,벼잎벌레(발생면적율),0.0
2023,6,16,2,해남군,벼애잎굴파리(발생추정면적),0.0
2023,6,16,2,해남군,벼애잎굴파리(감수율),0.0
2023,6,16,2,해남군,벼애잎굴파리(피해율),0.0
2023,6,16,2,해남군,벼애잎굴파리(발생면적율),0.0
2023,6,16,2,해남군,벼줄기굴파리(발생추정면적),0.0
2023,6,16,2,해남군,벼줄기굴파리(감수율),0.0
2023,6,16,2,해남군,벼줄기굴파리(피해율),0.0
2023,6,16,2,해남군,벼줄기굴파리(발생면적율),0.0
2023,6,16,2,해남군,애멸구(발생추정면적),0.0
2023,6,16,2,해남군,애멸구(감수율),0.0
2023,6,16,2,해남군,애멸구(피해율),0.0
2023,6,16,2,해남군,애멸구(발생면적율),0.0
2023,6,16,2,해남군,끝동매미충(발생추정면적),0.0
2023,6,16,2,해남군,끝동매미충(감수율),0.0
2023,6,16,2,해남군,끝동매미충(피해율),0.0
2023,6,16,2,해남군,끝동매미충(발생면적율),0.0
2023,6,16,2,해남군,벼멸구(발생추정면적),0.0
2023,6,16,2,해남군,벼멸구(감수율),0.0
2023,6,16,2,해남군,벼멸구(피해율),0.0
2023,6,16,2,해남군,벼멸구(발생면적율),0.0
2023,6,16,2,해남군,흰등멸구(발생추정면적),0.0
2023,6,16,2,해남군,흰등멸구(감수율),0.0
2023,6,16,2,해남군,흰등멸구(피해율),0.0
2023,6,16,2,해남군,흰등멸구(발생면적율),0.0
2023,6,16,2,해남군,벼물바구미(발생추정면적),0.0
2023,6,16,2,해남군,벼물바구미(감수율),0.0
2023,6,16,2,해남군,벼물바구미(피해율),0.0
2023,6,16,2,해남군,벼물바구미(발생면적율),0.0
2023,6,16,2,해남군,혹명나방(발생추정면적),0.0
2023,6,16,2,해남군,혹명나방(감수율),0.0
2023,6,16,2,해남군,혹명나방(피해율),0.0
2023,6,16,2,해남군,혹명나방(발생면적율),0.0
2023,6,16,2,해남군,멸강나방(발생추정면적),0.0
2023,6,16,2,해남군,멸강나방(감수율),0.0
2023,6,16,2,해남군,멸강나방(피해율),0.0
2023,6,16,2,해남군,멸강나방(발생면적율),0.0
2023,6,16,2,해남군,먹노린재(발생추정면적),0.0
2023,6,16,2,해남군,먹노린재(감수율),0.0
2023,6,16,2,해남군,먹노린재(피해율),0.0
2023,6,16,2,해남군,먹노린재(발생면적율),0.0
2023,6,16,2,해남군,이화명나방1화기(발생면적),0.0
2023,6,16,2,해남군,이화명나방1화기(감수율),0.0
2023,6,16,2,해남군,이화명나방1화기(피해율),0.0
2023,6,16,2,해남군,이화명나방1화기(발생면적률),0.0
2023,6,16,2,해남군,이화명나방2화기(발생면적),0.0
2023,6,16,2,해남군,이화명나방2화기(감수율),0.0
2023,6,16,2,해남군,이화명나방2화기(피해율),0.0
2023,6,16,2,해남군,이화명나방2화기(발생면적률),0.0
2025,9,1,7,해남군,잎도열병(발생추정면적),0.0
2025,9,1,7,해남군,잎도열병(감수율),0.0
2025,9,1,7,해남군,잎도열병(피해율),0.0
2025,9,1,7,해남군,잎도열병(발생면적율),0.0
2025,9,1,7,해남군,이삭도열병(발생추정면적),146.652
2025,9,1,7,해남군,이삭도열병(감수율),0.013
2025,9,1,7,해남군,이삭도열병(피해율),0.019
2025,9,1,7,해남군,이삭도열병(발생면적율),0.752
2025,9,1,7,해남군,잎집무늬마름병(발생추정면적),653.667
2025,9,1,7,해남군,잎집무늬마름병(감수율),0.126
2025,9,1,7,해남군,잎집무늬마름병(피해율),0.63
2025,9,1,7,해남군,잎집무늬마름병(발생면적율),3.35
2025,9,1,7,해남군,흰잎마름병(발생추정면적),0.0
2025,9,1,7,해남군,흰잎마름병(감수율),0.0
2025,9,1,7,해남군,흰잎마름병(피해율),0.0
2025,9,1,7,해남군,흰잎마름병(발생면적율),0.0
2025,9,1,7,해남군,세균벼알마름병(발생추정면적),0.0
2025,9,1,7,해남군,세균벼알마름병(감수율),0.0
2025,9,1,7,해남군,세균벼알마름병(피해율),0.0
2025,9,1,7,해남군,세균벼알마름병(발생면적율),0.0
2025,9,1,7,해남군,줄무늬잎마름병(발생면적),0.0
2025,9,1,7,해남군,줄무늬잎마름병(감수율),0.0
2025,9,1,7,해남군,줄무늬잎마름병(피해율),0.0
2025,9,1,7,해남군,줄무늬잎마름병(발생면적률),0.0
2025,9,1,7,해남군,벼검은줄오갈병(발생면적),0.0
2025,9,1,7,해남군,벼검은줄오갈병(감수율),0.0
2025,9,1,7,해남군,벼검은줄오갈병(피해율),0.0
2025,9,1,7,해남군,벼검은줄오갈병(발생면적률),0.0
2025,9,1,7,해남군,오갈병(발생면적),0.0
2025,9,1,7,해남군,오갈병(감수율),0.0
2025,9,1,7,해남군,오갈병(피해율),0.0
2025,9,1,7,해남군,오갈병(발생면적률),0.0
2025,9,1,7,해남군,이삭누룩병(발생추정면적),0.0
2025,9,1,7,해남군,이삭누룩병(감수율),0.0
2025,9,1,7,해남군,이삭누룩병(피해율),0.0
2025,9,1,7,해남군,이삭누룩병(발생면적율),0.0
2025,9,1,7,해남군,깨씨무늬병(발생추정면적),31.963
2025,9,1,7,해남군,깨씨무늬병(감수율),0.003
2025,9,1,7,해남군,깨씨무늬병(피해율),0.016
2025,9,1,7,해남군,깨씨무늬병(발생면적율),0.164
2025,9,1,7,해남군,벼잎벌레(발생추정면적),0.0
2025,9,1,7,해남군,벼잎벌레(감수율),0.0
2025,9,1,7,해남군,벼잎벌레(피해율),0.0
2025,9,1,7,해남군,벼잎벌레(발생면적율),0.0
2025,9,1,7,해남군,벼애잎굴파리(발생추정면적),0.0
2025,9,1,7,해남군,벼애잎굴파리(감수율),0.0
2025,9,1,7,해남군,벼애잎굴파리(피해율),0.0
2025,9,1,7,해남군,벼애잎굴파리(발생면적율),0.0
2025,9,1,7,해남군,벼줄기굴파리(발생추정면적),0.0
2025,9,1,7,해남군,벼줄기굴파리(감수율),0.0
2025,9,1,7,해남군,벼줄기굴파리(피해율),0.0
2025,9,1,7,해남군,벼줄기굴파리(발생면적율),0.0
2025,9,1,7,해남군,애멸구(발생추정면적),0.0
2025,9,1,7,해남군,애멸구(감수율),0.0
2025,9,1,7,해남군,애멸구(피해율),0.0
2025,9,1,7,해남군,애멸구(발생면적율),0.0
2025,9,1,7,해남군,끝동매미충(발생추정면적),0.0
2025,9,1,7,해남군,끝동매미충(감수율),0.0
2025,9,1,7,해남군,끝동매미충(피해율),0.0
2025,9,1,7,해남군,끝동매미충(발생면적율),0.0
2025,9,1,7,해남군,벼멸구(발생추정면적),300.825
2025,9,1,7,해남군,벼멸구(감수율),0.061
2025,9,1,7,해남군,벼멸구(피해율),0.154
2025,9,1,7,해남군,벼멸구(발생면적율),1.541
2025,9,1,7,해남군,흰등멸구(발생추정면적),0.0
2025,9,1,7,해남군,흰등멸구(감수율),0.0
2025,9,1,7,해남군,흰등멸구(피해율),0.0
2025,9,1,7,해남군,흰등멸구(발생면적율),0.0
2025,9,1,7,해남군,벼물바구미(발생추정면적),0.0
2025,9,1,7,해남군,벼물바구미(감수율),0.0
2025,9,1,7,해남군,벼물바구미(피해율),0.0
2025,9,1,7,해남군,벼물바구미(발생면적율),0.0
2025,9,1,7,해남군,혹명나방(발생추정면적),332.161
2025,9,1,7,해남군,혹명나방(감수율),0.017
2025,9,1,7,해남군,혹명나방(피해율),0.085
2025,9,1,7,해남군,혹명나방(발생면적율),1.702
2025,9,1,7,해남군,멸강나방(발생추정면적),0.0
2025,9,1,7,해남군,멸강나방(감수율),0.0
2025,9,1,7,해남군,멸강나방(피해율),0.0
2025,9,1,7,해남군,멸강나방(발생면적율),0.0
2025,9,1,7,해남군,먹노린재(발생추정면적),0.0
2025,9,1,7,해남군,먹노린재(감수율),0.0
2025,9,1,7,해남군,먹노린재(피해율),0.0
2025,9,1,7,해남군,먹노린재(발생면적율),0.0
2025,9,1,7,해남군,이화명나방1화기(발생면적),0.0
2025,9,1,7,해남군,이화명나방1화기(감수율),0.0
2025,9,1,7,해남군,이화명나방1화기(피해율),0.0
2025,9,1,7,해남군,이화명나방1화기(발생면적률),0.0
2025,9,1,7,해남군,이화명나방2화기(발생면적),0.0
2025,9,1,7,해남군,이화명나방2화기(감수율),0.0
2025,9,1,7,해남군,이화명나방2화기(피해율),0.0
2025,9,1,7,해남군,이화명나방2화기(발생면적률),0.0
2025,9,1,7,해남군,바이러스병(발생추정면적),0.0
2025,9,1,7,해남군,바이러스병(감수율),0.0
2025,9,1,7,해남군,바이러스병(피해율),0.0
2025,9,1,7,해남군,바이러스병(발생면적율),0.0
2025,9,1,7,해남군,키다리병(발생추정면적),0.0
2025,9,1,7,해남군,키다리병(감수율),0.0
2025,9,1,7,해남군,키다리병(피해율),0.0
2025,9,1,7,해남군,키다리병(발생면적율),0.0
2025,9,1,7,해남군,이화명나방(발생추정면적),0.0
2025,9,1,7,해남군,이화명나방(감수율),0.0
2025,9,1,7,해남군,이화명나방(피해율),0.0
2025,9,1,7,해남군,이화명나방(발생면적율),0.0
2025,9,1,7,해남군,벼애나방(발생추정면적),0.0
2025,9,1,7,해남군,벼애나방(감수율),0.0
2025,9,1,7,해남군,벼애나방(피해율),0.0
2025,9,1,7,해남군,벼애나방(발생면적율),0.0
2025,9,1,7,해남군,벼잎선충(발생추정면적),0.0
2025,9,1,7,해남군,벼잎선충(감수율),0.0
2025,9,1,7,해남군,벼잎선충(피해율),0.0
2025,9,1,7,해남군,벼잎선충(발생면적율),0.0
2025,6,1,1,해남군,잎도열병(발생추정면적),0.0
2025,6,1,1,해남군,잎도열병(감수율),0.0
2025,6,1,1,해남군,잎도열병(피해율),0.0
2025,6,1,1,해남군,잎도열병(발생면적율),0.0
2025,6,1,1,해남군,이삭도열병(발생추정면적),0.0
2025,6,1,1,해남군,이삭도열병(감수율),0.0
2025,6,1,1,해남군,이삭도열병(피해율),0.0
2025,6,1,1,해남군,이삭도열병(발생면적율),0.0
2025,6,1,1,해남군,잎집무늬마름병(발생추정면적),0.0
2025,6,1,1,해남군,잎집무늬마름병(감수율),0.0
2025,6,1,1,해남군,잎집무늬마름병(피해율),0.0
2025,6,1,1,해남군,잎집무늬마름병(발생면적율),0.0
2025,6,1,1,해남군,흰잎마름병(발생추정면적),0.0
2025,6,1,1,해남군,흰잎마름병(감수율),0.0
2025,6,1,1,해남군,흰잎마름병(피해율),0.0
2025,6,1,1,해남군,흰잎마름병(발생면적율),0.0
2025,6,1,1,해남군,세균벼알마름병(발생추정면적),0.0
2025,6,1,1,해남군,세균벼알마름병(감수율),0.0
2025,6,1,1,해남군,세균벼알마름병(피해율),0.0
2025,6,1,1,해남군,세균벼알마름병(발생면적율),0.0
2025,6,1,1,해남군,줄무늬잎마름병(발생면적),0.0
2025,6,1,1,해남군,줄무늬잎마름병(감수율),0.0
2025,6,1,1,해남군,줄무늬잎마름병(피해율),0.0
2025,6,1,1,해남군,줄무늬잎마름병(발생면적률),0.0
2025,6,1,1,해남군,벼검은줄오갈병(발생면적),0.0
2025,6,1,1,해남군,벼검은줄오갈병(감수율),0.0
2025,6,1,1,해남군,벼검은줄오갈병(피해율),0.0
2025,6,1,1,해남군,벼검은줄오갈병(발생면적률),0.0
2025,6,1,1,해남군,오갈병(발생면적),0.0
2025,6,1,1,해남군,오갈병(감수율),0.0
2025,6,1,1,해남군,오갈병(피해율),0.0
2025,6,1,1,해남군,오갈병(발생면적률),0.0
2025,6,1,1,해남군,이삭누룩병(발생추정면적),0.0
2025,6,1,1,해남군,이삭누룩병(감수율),0.0
2025,6,1,1,해남군,이삭누룩병(피해율),0.0
2025,6,1,1,해남군,이삭누룩병(발생면적율),0.0
2025,6,1,1,해남군,깨씨무늬병(발생추정면적),0.0
2025,6,1,1,해남군,깨씨무늬병(감수율),0.0
2025,6,1,1,해남군,깨씨무늬병(피해율),0.0
2025,6,1,1,해남군,깨씨무늬병(발생면적율),0.0
2025,6,1,1,해남군,벼잎벌레(발생추정면적),0.0
2025,6,1,1,해남군,벼잎벌레(감수율),0.0
2025,6,1,1,해남군,벼잎벌레(피해율),0.0
2025,6,1,1,해남군,벼잎벌레(발생면적율),0.0
2025,6,1,1,해남군,벼애잎굴파리(발생추정면적),0.0
2025,6,1,1,해남군,벼애잎굴파리(감수율),0.0
2025,6,1,1,해남군,벼애잎굴파리(피해율),0.0
2025,6,1,1,해남군,벼애잎굴파리(발생면적율),0.0
2025,6,1,1,해남군,벼줄기굴파리(발생추정면적),0.0
2025,6,1,1,해남군,벼줄기굴파리(감수율),0.0
2025,6,1,1,해남군,벼줄기굴파리(피해율),0.0
2025,6,1,1,해남군,벼줄기굴파리(발생면적율),0.0
2025,6,1,1,해남군,애멸구(발생추정면적),0.0
2025,6,1,1,해남군,애멸구(감수율),0.0
2025,6,1,1,해남군,애멸구(피해율),0.0
2025,6,1,1,해남군,애멸구(발생면적율),0.0
2025,6,1,1,해남군,끝동매미충(발생추정면적),0.0
2025,6,1,1,해남군,끝동매미충(감수율),0.0
2025,6,1,1,해남군,끝동매미충(피해율),0.0
2025,6,1,1,해남군,끝동매미충(발생면적율),0.0
2025,6,1,1,해남군,벼멸구(발생추정면적),0.0
2025,6,1,1,해남군,벼멸구(감수율),0.0
2025,6,1,1,해남군,벼멸구(피해율),0.0
2025,6,1,1,해남군,벼멸구(발생면적율),0.0
2025,6,1,1,해남군,흰등멸구(발생추정면적),0.0
2025,6,1,1,해남군,흰등멸구(감수율),0.0
2025,6,1,1,해남군,흰등멸구(피해율),0.0
2025,6,1,1,해남군,흰등멸구(발생면적율),0.0
2025,6,1,1,해남군,벼물바구미(발생추정면적),0.0
2025,6,1,1,해남군,벼물바구미(감수율),0.0
2025,6,1,1,해남군,벼물바구미(피해율),0.0
2025,6,1,1,해남군,벼물바구미(발생면적율),0.0
2025,6,1,1,해남군,혹명나방(발생추정면적),0.0
2025,6,1,1,해남군,혹명나방(감수율),0.0
2025,6,1,1,해남군,혹명나방(피해율),0.0
2025,6,1,1,해남군,혹명나방(발생면적율),0.0
2025,6,1,1,해남군,멸강나방(발생추정면적),0.0
2025,6,1,1,해남군,멸강나방(감수율),0.0
2025,6,1,1,해남군,멸강나방(피해율),0.0
2025,6,1,1,해남군,멸강나방(발생면적율),0.0
2025,6,1,1,해남군,먹노린재(발생추정면적),0.0
2025,6,1,1,해남군,먹노린재(감수율),0.0
2025,6,1,1,해남군,먹노린재(피해율),0.0
2025,6,1,1,해남군,먹노린재(발생면적율),0.0
2025,6,1,1,해남군,이화명나방1화기(발생면적),0.0
2025,6,1,1,해남군,이화명나방1화기(감수율),0.0
2025,6,1,1,해남군,이화명나방1화기(피해율),0.0
2025,6,1,1,해남군,이화명나방1화기(발생면적률),0.0
2025,6,1,1,해남군,이화명나방2화기(발생면적),0.0
2025,6,1,1,해남군,이화명나방2화기(감수율),0.0
2025,6,1,1,해남군,이화명나방2화기(피해율),0.0
2025,6,1,1,해남군,이화명나방2화기(발생면적률),0.0
2025,6,1,1,해남군,바이러스병(발생추정면적),0.0
2025,6,1,1,해남군,바이러스병(감수율),0.0
2025,6,1,1,해남군,바이러스병(피해율),0.0
2025,6,1,1,해남군,바이러스병(발생면적율),0.0
2025,6,1,1,해남군,키다리병(발생추정면적),0.0
2025,6,1,1,해남군,키다리병(감수율),0.0
2025,6,1,1,해남군,키다리병(피해율),0.0
2025,6,1,1,해남군,키다리병(발생면적율),0.0
2025,6,1,1,해남군,이화명나방(발생추정면적),0.0
2025,6,1,1,해남군,이화명나방(감수율),0.0
2025,6,1,1,해남군,이화명나방(피해율),0.0
2025,6,1,1,해남군,이화명나방(발생면적율),0.0
2025,6,1,1,해남군,벼애나방(발생추정면적),0.0
2025,6,1,1,해남군,벼애나방(감수율),0.0
2025,6,1,1,해남군,벼애나방(피해율),0.0
2025,6,1,1,해남군,벼애나방(발생면적율),0.0
2025,6,1,1,해남군,벼잎선충(발생추정면적),0.0
2025,6,1,1,해남군,벼잎선충(감수율),0.0
2025,6,1,1,해남군,벼잎선충(피해율),0.0
2025,6,1,1,해남군,벼잎선충(발생면적율),0.0
2025,9,16,8,해남군,잎도열병(발생추정면적),0.0
2025,9,16,8,해남군,잎도열병(감수율),0.0
2025,9,16,8,해남군,잎도열병(피해율),0.0
2025,9,16,8,해남군,잎도열병(발생면적율),0.0
2025,9,16,8,해남군,이삭도열병(발생추정면적),0.0
2025,9,16,8,해남군,이삭도열병(감수율),0.0
2025,9,16,8,해남군,이삭도열병(피해율),0.0
2025,9,16,8,해남군,이삭도열병(발생면적율),0.0
2025,9,16,8,해남군,잎집무늬마름병(발생추정면적),0.0
2025,9,16,8,해남군,잎집무늬마름병(감수율),0.0
2025,9,16,8,해남군,잎집무늬마름병(피해율),0.0
2025,9,16,8,해남군,잎집무늬마름병(발생면적율),0.0
2025,9,16,8,해남군,흰잎마름병(발생추정면적),0.0
2025,9,16,8,해남군,흰잎마름병(감수율),0.0
2025,9,16,8,해남군,흰잎마름병(피해율),0.0
2025,9,16,8,해남군,흰잎마름병(발생면적율),0.0
2025,9,16,8,해남군,세균벼알마름병(발생추정면적),0.0
2025,9,16,8,해남군,세균벼알마름병(감수율),0.0
2025,9,16,8,해남군,세균벼알마름병(피해율),0.0
2025,9,16,8,해남군,세균벼알마름병(발생면적율),0.0
2025,9,16,8,해남군,줄무늬잎마름병(발생면적),0.0
2025,9,16,8,해남군,줄무늬잎마름병(감수율),0.0
2025,9,16,8,해남군,줄무늬잎마름병(피해율),0.0
2025,9,16,8,해남군,줄무늬잎마름병(발생면적률),0.0
2025,9,16,8,해남군,벼검은줄오갈병(발생면적),0.0
2025,9,16,8,해남군,벼검은줄오갈병(감수율),0.0
2025,9,16,8,해남군,벼검은줄오갈병(피해율),0.0
2025,9,16,8,해남군,벼검은줄오갈병(발생면적률),0.0
2025,9,16,8,해남군,오갈병(발생면적),0.0
2025,9,16,8,해남군,오갈병(감수율),0.0
2025,9,16,8,해남군,오갈병(피해율),0.0
2025,9,16,8,해남군,오갈병(발생면적률),0.0
2025,9,16,8,해남군,이삭누룩병(발생추정면적),0.0
2025,9,16,8,해남군,이삭누룩병(감수율),0.0
2025,9,16,8,해남군,이삭누룩병(피해율),0.0
2025,9,16,8,해남군,이삭누룩병(발생면적율),0.0
2025,9,16,8,해남군,깨씨무늬병(발생추정면적),0.0
2025,9,16,8,해남군,깨씨무늬병(감수율),0.0
2025,9,16,8,해남군,깨씨무늬병(피해율),0.0
2025,9,16,8,해남군,깨씨무늬병(발생면적율),0.0
2025,9,16,8,해남군,벼잎벌레(발생추정면적),0.0
2025,9,16,8,해남군,벼잎벌레(감수율),0.0
2025,9,16,8,해남군,벼잎벌레(피해율),0.0
2025,9,16,8,해남군,벼잎벌레(발생면적율),0.0
2025,9,16,8,해남군,벼애잎굴파리(발생추정면적),0.0
2025,9,16,8,해남군,벼애잎굴파리(감수율),0.0
2025,9,16,8,해남군,벼애잎굴파리(피해율),0.0
2025,9,16,8,해남군,벼애잎굴파리(발생면적율),0.0
2025,9,16,8,해남군,벼줄기굴파리(발생추정면적),0.0
2025,9,16,8,해남군,벼줄기굴파리(감수율),0.0
2025,9,16,8,해남군,벼줄기굴파리(피해율),0.0
2025,9,16,8,해남군,벼줄기굴파리(발생면적율),0.0
2025,9,16,8,해남군,애멸구(발생추정면적),0.0
2025,9,16,8,해남군,애멸구(감수율),0.0
2025,9,16,8,해남군,애멸구(피해율),0.0
2025,9,16,8,해남군,애멸구(발생면적율),0.0
2025,9,16,8,해남군,끝동매미충(발생추정면적),0.0
2025,9,16,8,해남군,끝동매미충(감수율),0.0
2025,9,16,8,해남군,끝동매미충(피해율),0.0
2025,9,16,8,해남군,끝동매미충(발생면적율),0.0
2025,9,16,8,해남군,벼멸구(발생추정면적),0.0
2025,9,16,8,해남군,벼멸구(감수율),0.0
2025,9,16,8,해남군,벼멸구(피해율),0.0
2025,9,16,8,해남군,벼멸구(발생면적율),0.0
2025,9,16,8,해남군,흰등멸구(발생추정면적),0.0
2025,9,16,8,해남군,흰등멸구(감수율),0.0
2025,9,16,8,해남군,흰등멸구(피해율),0.0
2025,9,16,8,해남군,흰등멸구(발생면적율),0.0
2025,9,16,8,해남군,벼물바구미(발생추정면적),0.0
2025,9,16,8,해남군,벼물바구미(감수율),0.0
2025,9,16,8,해남군,벼물바구미(피해율),0.0
2025,9,16,8,해남군,벼물바구미(발생면적율),0.0
2025,9,16,8,해남군,혹명나방(발생추정면적),0.0
2025,9,16,8,해남군,혹명나방(감수율),0.0
2025,9,16,8,해남군,혹명나방(피해율),0.0
2025,9,16,8,해남군,혹명나방(발생면적율),0.0
2025,9,16,8,해남군,멸강나방(발생추정면적),0.0
2025,9,16,8,해남군,멸강나방(감수율),0.0
2025,9,16,8,해남군,멸강나방(피해율),0.0
2025,9,16,8,해남군,멸강나방(발생면적율),0.0
2025,9,16,8,해남군,먹노린재(발생추정면적),0.0
2025,9,16,8,해남군,먹노린재(감수율),0.0
2025,9,16,8,해남군,먹노린재(피해율),0.0
2025,9,16,8,해남군,먹노린재(발생면적율),0.0
2025,9,16,8,해남군,이화명나방1화기(발생면적),0.0
2025,9,16,8,해남군,이화명나방1화기(감수율),0.0
2025,9,16,8,해남군,이화명나방1화기(피해율),0.0
2025,9,16,8,해남군,이화명나방1화기(발생면적률),0.0
2025,9,16,8,해남군,이화명나방2화기(발생면적),0.0
2025,9,16,8,해남군,이화명나방2화기(감수율),0.0
2025,9,16,8,해남군,이화명나방2화기(피해율),0.0
2025,9,16,8,해남군,이화명나방2화기(발생면적률),0.0
2025,9,16,8,해남군,바이러스병(발생추정면적),0.0
2025,9,16,8,해남군,바이러스병(감수율),0.0
2025,9,16,8,해남군,바이러스병(피해율),0.0
2025,9,16,8,해남군,바이러스병(발생면적율),0.0
2025,9,16,8,해남군,키다리병(발생추정면적),0.0
2025,9,16,8,해남군,키다리병(감수율),0.0
2025,9,16,8,해남군,키다리병(피해율),0.0
2025,9,16,8,해남군,키다리병(발생면적율),0.0
2025,9,16,8,해남군,이화명나방(발생추정면적),0.0
2025,9,16,8,해남군,이화명나방(감수율),0.0
2025,9,16,8,해남군,이화명나방(피해율),0.0
2025,9,16,8,해남군,이화명나방(발생면적율),0.0
2025,9,16,8,해남군,벼애나방(발생추정면적),0.0
2025,9,16,8,해남군,벼애나방(감수율),0.0
2025,9,16,8,해남군,벼애나방(피해율),0.0
2025,9,16,8,해남군,벼애나방(발생면적율),0.0
2025,9,16,8,해남군,벼잎선충(발생추정면적),0.0
2025,9,16,8,해남군,벼잎선충(감수율),0.0
2025,9,16,8,해남군,벼잎선충(피해율),0.0
2025,9,16,8,해남군,벼잎선충(발생면적율),0.0
