Rank,Title,Genres,Tags,Where to Watch
1,Business Proposal,"Comedy, Romance, Drama","Boss-Employee Relationship, Secondary Couple, Contract Relationship, Fake Identity, Company President (CEO) Male Lead, Double Identity, Sismance, Rich Male Lead, Cheerful Female Lead, Rich Man/Poor Woman (Vote tags)","Seol In Ah in Business Proposal Korean Drama, suchimonster, Sin Ha Ri, Cha Seong Hun, Netflix, Lee Deok Hwa, King the Land, River Cloud, The Secret Life of My Secretary, scenophile, Love to Hate You, Swagoo, Edit Translation, Han Sul Hee, GeekyAmma, 사내 맞선, Comedy, Business Proposal poster, Choi Byung Chan in Business Proposal Korean Drama, Cheerful Female Lead, Read More, Hong Bo Hee, Her Private Life, Recs, Chemistry Kang Taemu and Shin Hari is On FIRE!!!, Episodes, Add Recommendations, View all (91), luckz, Reviews, Kim Min Gue in Business Proposal Korean Drama, Lee Deok Hwa in Business Proposal Korean Drama, Login, True Beauty, Kim Se Jeong, Feed, Ahn Hyo Seop, Which Couple is your Favourite?, Add Cast, Business Proposal Korean Drama photo, Yuichin, Discussions, What's Wrong with Secretary Kim, Timestamps/Spoilers, Kate, Company President (CEO) Male Lead, Fake Identity, Rich Male Lead, Kim Min Gue, Boss-Employee Relationship, Berry, Secondary Couple, Contract Relationship, Other reviews by this user, 8, Blossom, What do you think about episode 7, A Business Proposal Friends??, Details, Rich Man/Poor Woman, 6, Park Seon Ho, Edit this Page, Wavve, View all, Buy on Amazon, Write Review, Jin Yeong Seo, Business Proposal's Favorite Quotes, Seol In Ah, Cast, Choi Byung Chan, Photos, Kim Se Jeong in Business Proposal Korean Drama, Ahn Hyo Seop in Business Proposal Korean Drama, (Vote tags), Xia You Chu Yang, View all (627), Sismance, 555 users, Curious Business Proposal Story Y, Register, Romance, Vicky, Amaterasu, A Business Proposal, Drama, New Topic, Double Identity, Kang Tae Mu"
3,Vincenzo,"Comedy, Law, Crime, Drama","Mafia, Revenge, Slight Romance, Eccentric Female Lead, Smart Male Lead, Black Comedy, Badass Male Lead, Skilled Killer, Corruption, Slow Burn Romance (Vote tags)","QAS, Good Manager, Kayosai, Netflix, Vincenzo poster, Law, 빈센조, TVING, Vincenzo Korean Drama photo, Kwak Dong Yeon, Vincenzo: Special, Lawless Lawyer, Any guesses for the ending?, Skilled Killer, Edit Translation, dramaboo19, The Fiery Priest, xufeng_jinmi, The scenes in Italy are all CGI, Slow Burn Romance, Comedy, Read More, Black Comedy, Recs, OppasBitch, Episodes, Jo Han Chul, View all (294), Park Jae Bum, Feel that slow burn that is Vincha/Chayenzo, Revenge, Kwak Dong Yeon in Vincenzo Korean Drama, Add Recommendations, The Devil Judge, Ok Taec Yeon in Vincenzo Korean Drama, Reviews, Ok Taec Yeon, Links to Vincenzo promotional videos, Login, Vincenzo Cassano / Park Joo Hyung, 33, Jang Han Seo, Rina_a365, Feed, Smart Male Lead, Mindy, Jang Jun Woo / Jang Han Seok, Add Cast, 583 users, Big Mouth, Jo Han Chul in Vincenzo Korean Drama, 3, Slight Romance, Discussions, nastou19, Kim Yeo Jin, View all (159), Other reviews by this user, Tae Ho, Song Joong Ki in Vincenzo Korean Drama, Crime, Hyena, Jeon Yeo Been in Vincenzo Korean Drama, Details, Kim Yeo Jin in Vincenzo Korean Drama, Edit this Page, Corruption, Eccentric Female Lead, Song Joong Ki, Buy on Amazon, View all, Write Review, Speculations on the delay?, Choi Myung Hee, Toot, Cast, Cha Young is turning out to be my favourite FL of all time!, Mafia, Photos, (Vote tags), Kim Hee Won, Register, Hong Cha Young, Jeon Yeo Been, kokovibes_0202, Badass Male Lead, Drama, New Topic, Ivy"
5,Squid Game,"Action, Thriller, Mystery, Drama","Death, Death Game, Poor Male Lead, Debt, Competition, Survival, Murder, Suspense, Friends To Enemies, Massacre (Vote tags)","Hwang Dong Hyuk, Squid Game Korean Drama photo, Thriller, Netflix, 13, O Yeong Su in Squid Game Korean Drama, Cho Sang U / ""No. 218"", Ali Abdul / ""No. 199"", JustHonestReviewer, Death, Saygo, Friends To Enemies, Viviana99, Murder, Edit Translation, Gyro_Z, whos excited??, Poor Male Lead, Lee Jung Jae, 21, Read More, Survival, O Il Nam / ""No. 001"", Kang Sae Byeok / ""No. 067"", Recs, Episodes, Park Hae Soo, Add Recommendations, As the Gods Will, Massacre, Reviews, Wi Ha Joon, Login, What do you think would happen in season 2?, Dramanogu, Feed, Liar Game, Add Cast, O Yeong Su, Seong Gi Hun / ""No. 456"", Anupam Tripathi, Hwang Jun Ho, Discussions, Squid Game poster, WandereR, Tainooz Gaming, Squid Game Season 2, Wi Ha Joon in Squid Game Korean Drama, Anupam Tripathi in Squid Game Korean Drama, WHICH OTHER KDRAMA CHARACTERS WOULD PARTICIPATE IN ''SQUID GAME '' TO COMPETE FOR THE \45 BILLION?, Other reviews by this user, 266 users, Alice in Borderland, Battle Royale, estrgrace7, Sunset, Competition, Action, Details, 오징어 게임, Mystery, Edit this Page, Something Like This OR Better ?, Lee Jung Jae in Squid Game Korean Drama, View all, Buy on Amazon, Park Hae Soo in Squid Game Korean Drama, Write Review, Debt, Spoilers: Clarifications on character back stories and the show, Proxy, tanya, View all (88), Jung Ho Yeon in Squid Game Korean Drama, newgrl, Cast, View all (139), Suspense, Photos, (Vote tags), The 8 Show, Jung Ho Yeon, Register, Death Game, Drama, New Topic, New role in Squid game"
7,Alchemy of Souls,"Action, Historical, Romance, Fantasy","Transmigration, Master-Disciple Relationship, Supernatural, Hidden Identity, Body Swap, Elemental Power, Fake Identity, Comedy, Master-Servant Relationship, Flashback To Past (Vote tags)","Love between Fairy and Devil, Netflix, mashii271, Alchemy of Souls Season 2: Light and Shadow, Jang Uk, Fangirl_7, 417 users, haruaui, Why was Mudeok/Naksu such a, Elemental Power, Hwang Min Hyun in Alchemy of Souls Korean Drama, Fantasy, Edit Translation, Oh Na Ra, Yoo Joon Sang, Hong Mi Ran, Comedy, Master-Servant Relationship, Read More, View all (109), Kim Do Ju, Lee Jae Wook, Recs, Episodes, Alchemy of Souls Korean Drama photo, Music43v3r, View all (392), Dokuwan, Transmigration, Mu Deok, Jung So Min, Add Recommendations, Shin Seung Ho, Reviews, Supernatural, Login, Seo Yul, Hidden Identity, Feed, rika, AOS - MuDeok's thinking voice is Go Yoon Jung's voice, not JSM, The Untamed, Body Swap, 환혼, 43, Add Cast, Hong Jeong Eun, Discussions, Oh Na Ra in Alchemy of Souls Korean Drama, Thoughts on season 2, Lee Jae Wook in Alchemy of Souls Korean Drama, Winter, I have a question...?, Fake Identity, Music Video Idea, Alchemy of Souls poster, Master-Disciple Relationship, Jung So Min in Alchemy of Souls Korean Drama, Park Jin, Yoo  Joon Sang in Alchemy of Souls Korean Drama, Other reviews by this user, jxxvvxxkstan, Bulgasal: Immortal Souls, Hwang Min Hyun, Lovers of the Red Sky, Action, Flashback To Past, Details, Shin Seung Ho in Alchemy of Souls Korean Drama, Conservative Torch, Annette, Edit this Page, View all, Buy on Amazon, Write Review, Cast, Historical, Photos, (Vote tags), Your wildest theories about AoS(part 2), Moon Lovers: Scarlet Heart Ryeo, Register, 4, Romance, the_sapio_nerd, Go Won, Park Joon Hwa, New Topic"
9,Weak Hero Class 1,"Action, Youth, Drama","Student Male Lead, Teenager Male Lead, Violence, Friendship, School Bullying, School Setting, Bromance, Skilled Fighter, High School, Introverted Male Lead (Vote tags)","Bromance, Lee Yeon, View all (132), Youth, Netflix, Weak Hero Class 1 poster, DramasBMH, Pyramid Game, 약한영웅 Class 1, Kim Su Gyeom, Yeong I, Edit Translation, Hong Kyung, Viki, Jeon Seok Dae, Park Dhan Hee, AnthonyH, 14, Park Ji Hoon in Weak Hero Class 1 Korean Drama, Queer, Violence, wrongtryitagain, Read More, Recs, Episodes, Lee Yeon in Weak Hero Class 1 Korean Drama, Extracurricular, Choi Hyun Wook in Weak Hero Class 1 Korean Drama, Hong Kyung in Weak Hero Class 1 Korean Drama, Mary, Choi Hyun Wook, Introverted Male Lead, Add Recommendations, Study Group, Shin Seung Ho, Prime Video, Reviews, Login, ggtt, High School, Kocowa, Feed, Yeon Si Eun / Gray Yeon, Weak Hero Class 1: An Elegy on Youth Fragility, Add Cast, Weak Hero Class 2, High School Return of a Gangster, Discussions, Teenager Male Lead, Student Male Lead, School Setting, 407 users, Kim Su Gyeom in Weak Hero Class 1 Korean Drama, Other reviews by this user, Friendship, Webtoon or kdrama first?, crayrules, How to watch Weak Hero?, chrome_toaster, Action, Korean character names from the Webtoon, School Bullying, Details, 1, Edit this Page, Wavve, Weak Hero Class 1: Behind the Scenes, View all, Buy on Amazon, AllyCat29, Write Review, nini, Opening Song HERO English Translation, An Su Ho / Stephen An, Cast, Photos, (Vote tags), Shin Seung Ho in Weak Hero Class 1 Korean Drama, The Glory, Cho Na, Register, Weak Hero Class 1 Korean Drama photo, View all (44), O Beom Seok / Bryce O, Yoo Su Min, Skilled Fighter, Bluebell5, Park Ji Hoon, Drama, New Topic, iQIYI, metrikfire, Suho's intervention: Si Eun vs Bum Seok, D.P."
11,Twinkling Watermelon,"Romance, Youth, Drama, Fantasy","Time Travel, Child From The Future, Deafness, Sign Language, Father-Son Relationship, 1990s, Music, Coming Of Age, Friendship, Comedy (Vote tags)","What's your favourite OST from this drama?, View all (78), Youth, Shin Eun Soo in Twinkling Watermelon Korean Drama, 18 Again, Netflix, Twinkling Watermelon poster, TVING, Fanvids for Twinkling Watermelon, Child From The Future, Fantasy, Coming Of Age, Peephole, Ha Eun Gyeol, A Time Called You, Edit Translation, Bong Jae Hyun in Twinkling Watermelon Korean Drama, Viki, Sign Language, Comedy, Ha I Chan, Read More, Recs, Episodes, Choi Hyun Wook, Add Recommendations, Twinkling Watermelon Korean Drama photo, Castaway Diva, relationship scheme, Reviews, 491 users, Login, Lovely Runner, Feed, Add Cast, Jason Patrick, Kim Joo Ryoung, fl1ckz, Clarabela, View all (95), pomegranate, 3, Music, Discussions, Time Travel, Father-Son Relationship, Deafness, Ryeo Un, Bong Jae Hyun, Other reviews by this user, Friendship, LadySilka, Confused after Ep 1 - can big brother talk?, Son Jung Hyun, Choi Hyun Wook in Twinkling Watermelon Korean Drama, Details, 반짝이는 워터멜론, marguerite blakeney, My Perfect Stranger, 6, Edit this Page, Jin Soo Wan, Seol In Ah in Twinkling Watermelon Korean Drama, View all, Buy on Amazon, Write Review, Twenty Five Twenty One, Unreleased Scene - Twinkling Watermelon - CheongChan, Seol In Ah, just a girl, Cast, Photos, Coffee Lover01, (Vote tags), Kim Joo Ryoung in Twinkling Watermelon Korean Drama, Shin Eun Soo, Confused...?? (Spoilers), KellyBinMI, Register, Romance, Ryeo Un in Twinkling Watermelon Korean Drama, 1990s, Drama, Adri, New Topic"
13,Extraordinary Attorney Woo,"Law, Romance, Life, Drama","Autistic Female Lead, Autism, Attorney Female Lead, Smart Female Lead, Workplace Setting, Nice Male Lead, Father-Daughter Relationship, Courtroom Setting, Single Mother/Father Supporting Character, Slow Burn Romance (Vote tags)","Episode 11, Woo Yeong U, Han Seon Yeong, 333 users, Netflix, Workplace Setting, Why Am I Here, Law, View all (513), Father-Daughter Relationship, Lee Jun Ho, WYW Introductory Phrase, Kang Ki Young, Autistic Female Lead, Autistics On 《Extraordinary Attorney Woo》, nosnoop, Extraordinary Attorney Woo ^ OST ^, phelieros, Edit Translation, Smart Female Lead, Autism, Slow Burn Romance, Hala, Jung Myeong Seok, Read More, Recs, Episodes, FanFanX, Good Doctor, Attorney Female Lead, Add Recommendations, 이상한 변호사 우영우, Reviews, sp_oo_ks, Jeon Bae Soo in Extraordinary Attorney Woo Korean Drama, Jin Kyung in Extraordinary Attorney Woo Korean Drama, Login, Life, omo-omo-omo, Feed, AnnaFrost2390, It's Okay to Not Be Okay, Add Cast, Extraordinary Attorney Woo poster, IM YourOnlyOne, Episode 9 feedback, Discussions, Tae Su Mi, Move to Heaven, Courtroom Setting, Will there be a satisfying ending?, Nice Male Lead, Other reviews by this user, Woo Gwang Ho, She and Her Perfect Husband, Moon Ji Won, Kang Ki Young in Extraordinary Attorney Woo Korean Drama, Details, Yoo In Shik, Extraordinary Attorney Woo Korean Drama photo, Edit this Page, Park Eun Bin in Extraordinary Attorney Woo Korean Drama, Park Eun Bin, Innocent Witness, View all, Buy on Amazon, Write Review, Cast, Extraordinary Attorney Woo Season 2, Photos, Single Mother/Father Supporting Character, Miss Hammurabi, (Vote tags), kretuzerwilhelmxiii, Kang Tae Oh in Extraordinary Attorney Woo Korean Drama, 0, Baek Ji Won in Extraordinary Attorney Woo Korean Drama, View all (193), Jeon Bae Soo, Register, Romance, Jin Kyung, the_sapio_nerd, Kang Tae Oh, Drama, New Topic, Baek Ji Won, 11"
15,Hometown Cha-Cha-Cha,"Comedy, Romance, Life, Drama","Nice Male Lead, Character Development, Nice Female Lead, Cheerful Male Lead, Smart Female Lead, Hardworking Male Lead, Hardworking Female Lead, Opposites Attract, Village Setting, Healing (Vote tags)","Our Blues, Ji Sung Hyun, Read More, Lee Bong Ryun in Hometown Cha-Cha-Cha Korean Drama, Lee Bong Ryun, Jo Han Chul in Hometown Cha-Cha-Cha Korean Drama, Recs, Once upon a Small Town, Episodes, Edit this Page, Nice Female Lead, Hardworking Male Lead, Discussions, 382 users, Yoo Je Won, Opposites Attract, Add Cast, Buy on Amazon, Netflix, Jo Han Chul, Write Review, View all, create a discussion, Cheerful Male Lead, Shin Ha Eun, Summer Strike, Hometown Cha-Cha-Cha poster, TVING, Add Recommendations, Cast, Mr. Hong, Healing, Kim Seon Ho, Lee Sang Yi in Hometown Cha-Cha-Cha Korean Drama, Photos, In Gyo Jin, Yoon Hye Jin, (Vote tags), Shin Min Ah in Hometown Cha-Cha-Cha Korean Drama, 5, Shin Min Ah, Reviews, Nice Male Lead, Character Development, Other reviews by this user, Village Setting, Hong Doo Shik, Login, Life, Hometown Cha-Cha-Cha Korean Drama photo, 4, Register, Edit Translation, Romance, When the Camellia Blooms, Smart Female Lead, 갯마을 차차차, In Gyo Jin in Hometown Cha-Cha-Cha Korean Drama, the_sapio_nerd, Meet Yourself, Feed, View all (708), Drama, Hardworking Female Lead, View all (80), foxyjojar, New Topic, Lee Sang Yi, Welcome to Samdal-ri, Comedy, Kim Seon Ho in Hometown Cha-Cha-Cha Korean Drama, Details"
17,The Glory,"Thriller, Drama, Melodrama","Revenge, School Bullying, School Violence, Sexual Content, Social Issues, Doctor Male Lead, Antiheroine Female Lead, Nonlinear Narrative, Time Skip, Psychological (Vote tags)","The Glory Part 2, Thriller, Netflix, latteholic, Antiheroine Female Lead, Psychological, Shafkat, Edit Translation, The Glory Korean Drama photo, Luffy, Taxi Driver, TaliaToo, Jung Sung Il, barely here, ChanceGarrard, Lee Do Hyun in The Glory Korean Drama, View all (104), My Name, Read More, Im Ji Yeon in The Glory Korean Drama, Nonlinear Narrative, Recs, Episodes, Ahn Gil Ho, Park Yeon Jin, Revenge, Moon Dong Eun, Add Recommendations, The King of Pigs, Sexual Content, Reviews, Do you think the ending needs more?, Login, unterwegsimkoreanischenD, Melodrama, Feed, Ha Do Young, Yeom Hye Ran in The Glory Korean Drama, 더 글로리, Add Cast, Discussions, Doctor Male Lead, What Glory?, 227 users, Weak Hero Class 1, What kind of ending do you want/guess?, Social Issues, Episode 4's revenge, Other reviews by this user, Kim Eun Sook, Kang Hyun Nam, Revenge of Others, Park Sung Hoon, Jung Sung Il in The Glory Korean Drama, School Bullying, Episode 9's Doyoung unease inside the closet, Details, Park Sung Hoon in The Glory Korean Drama, 1, Time Skip, allmylifekdrama, Edit this Page, View all, Buy on Amazon, Write Review, Yeom Hye Ran, Cast, Photos, (Vote tags), Song Hye Kyo in The Glory Korean Drama, Joo Yeo Jung, The Glory poster, View all (79), Jeon Jae Jun, 4, Register, Song Hye Kyo, School Violence, Drama, New Topic, Im Ji Yeon, Disgursting Sheet, Lee Do Hyun"
19,Lovely Runner,"Music, Comedy, Romance, Fantasy","Butterfly Effect, Time Travel, Passionate Male Lead, Second Chance, Famous Male Lead, Time Altering, Love At First Sight, Famous Man/Common Woman, Determined Female Lead, Female Chases Male First (Vote tags)","Netflix, Suggest other name than ^Lovely Runner^ for the title..., Song Geon Hee, Priyankojit, Song Geon Hee in Lovely Runner Korean Drama, TVING, Byeon Woo Seok, Shining for One Thing, Jung Young Joo, 선재 업고 튀어, Ms Superman, Extraordinary You, Kim Hye Yoon, Seong Byung Sook, Fantasy, Lovely Runner OR Hidden Love??, A Time Called You, Edit Translation, Viki, Determined Female Lead, Comedy, Read More, Recs, Lee Shi Eun, Episodes, Lee Seung Hyub, Byeon Woo Seok in Lovely Runner Korean Drama, FanFanX, 462, Add Recommendations, Passionate Male Lead, Butterfly Effect, Reviews, DA202, Yoon Jong Ho, Login, Lovely Runner poster, Feed, o_reo123, Add Cast, 810 users, Links to News of Lovely Runner and Its Leads..., Music, Discussions, Time Travel, Second Chance, View all (97), View all (559), Blue Birthday, Famous Male Lead, Other reviews by this user, Newuserme, 51, Details, Runner Unwound, Time Altering, Jung Young Joo in Lovely Runner Korean Drama, Lovely Runner ^ OST ^, ASHES, Edit this Page, View all, Buy on Amazon, Write Review, Lovely Runner Korean Drama photo, MadelineMaureen, Official OST & Old Music Feature List - Every Episode Update, Seong Byung Sook in Lovely Runner Korean Drama, Timeline Breakdowns and Important Dates to Remember: SPOILERS(Updated to Ep 16), just a girl, Cast, Twinkling Watermelon, Photos, (Vote tags), Lee Seung Hyub in Lovely Runner Korean Drama, Female Chases Male First, Apple TV, Kim Tae Yub, Head over Heels, Register, Romance, Kim Hye Yoon in Lovely Runner Korean Drama, Love At First Sight, New Topic, Famous Man/Common Woman"
21,Move to Heaven,"Life, Drama","Uncle-Nephew Relationship, Autism, Death, Tearjerker, Savant Syndrome, Life Lesson, Asperger’s Syndrome, Autistic Male Lead, Smart Male Lead, Murder (Vote tags)","Netflix, 316 users, Death, Jung Young Joo, Tearjerker, Murder, CherryBunny, Cho Sang Gu, Edit Translation, SimplyJosie, Autism, Read More, Jung Young Joo in Move to Heaven Korean Drama, Recs, 무브 투 헤븐: 나는 유품정리사입니다, Tang Jun Sang in Move to Heaven Korean Drama, Episodes, Where to watch Behind The Scenes or Making??, Yoon Ji Ryun, Hong Seung Hee, Jung Suk Yong, Tomorrow, Lee Moon Sik, Add Recommendations, Reviews, Login, Life, Jung Suk Yong in Move to Heaven Korean Drama, View all (82), Tang Jun Sang, Jinjin, raikantopeni_in, Feed, Smart Male Lead, Good long melodrama, Its me duh, Add Cast, Life Lesson, Hong Seung Hee in Move to Heaven Korean Drama, Discussions, Uncle-Nephew Relationship, Navillera, Kim Sung Ho, Han Geu Roo, Is this a bl drama?, dele, Other reviews by this user, Yoon Na Mu, Amahle, 12, Lee Je Hoon in Move to Heaven Korean Drama, If You Wish Upon Me, Stuffed Cat, Asperger’s Syndrome, Details, Edit this Page, View all, Buy on Amazon, Write Review, Move to Heaven Korean Drama photo, Savant Syndrome, Cast, Miskatp62, Photos, Autistic Male Lead, (Vote tags), Extraordinary Attorney Woo, Move to Heaven poster, 0, View all (79), Register, Lee Moon Sik in Move to Heaven Korean Drama, Lee Je Hoon, the_sapio_nerd, Drama, New Topic, The last minute of the drama., D.P."
23,Twenty Five Twenty One,"Romance, Life, Drama, Melodrama","Coming Of Age, Nostalgia, Fencing, Nice Male Lead, Friendship, Character Development, Competition, IMF Crisis, High School To Working Life, Reporter Male Lead (Vote tags)","Kim Tae Ri, Perry, Niumi, Weightlifting Fairy Kim Bok Joo, Rookie Cops, Netflix, TVING, Kwon Do Eun, Choi Hyun Wook in Twenty Five Twenty One Korean Drama, Shafkat, The End Conclusion, Whom did ""Na Hee Do"" Marry ? Why ?, Coming Of Age, Edit Translation, Nargesi88, Kim Seung Ho, Seo Jae Hee, Read More, Recs, Episodes, Jung Ji Hyun, Merp, 509 users, Choi Hyun Wook, Lee Joo Myung in Twenty Five Twenty One Korean Drama, Add Recommendations, View all (158), Cressida winter, High School To Working Life, Reviews, Login, Life, Melodrama, Feed, Lee Joo Myung, Seo Jae Hee in Twenty Five Twenty One Korean Drama, Add Cast, 7, Discussions, 2521 FAVORITE LINES, 스물다섯 스물하나, Nam Joo Hyuk, View all (1208), Reporter Male Lead, Start-Up, Shino, Do you think that the ending was best for each other?, Reply 1988, Nice Male Lead, Baek Yi Jin, AbztractIsight, Other reviews by this user, Friendship, 20th Century Girl, Competition, Na Hee Do, Details, Twenty Five Twenty One poster, Edit this Page, View all, Buy on Amazon, UncreativeName, Write Review, Bo Na in Twenty Five Twenty One Korean Drama, Nam Joo Hyuk in Twenty Five Twenty One Korean Drama, Tearstears, Bo Na, Fencing AMA Ask me Anything, Kim Tae Ri in Twenty Five Twenty One Korean Drama, Cast, Choi Taek, Twinkling Watermelon, Photos, Twenty Five Twenty One Korean Drama photo, (Vote tags), skoorb13, Character Development, 0, Fencing, IMF Crisis, Register, Romance, End Game Theory, Kbeauty, Drama, New Topic, Nostalgia"
25,My Demon,"Action, Comedy, Romance, Fantasy","Demon Male Lead, Supernatural, Heiress Female Lead, Supernatural Power, Sassy Female Lead, Contract Relationship, Rich Female Lead, Age Gap [Real Life], Orphan Female Lead, Interspecies Romance (Vote tags)","What's your favourite OST from this drama?, Kim You Jung, Best edits or fan vids of My Demon??, Kim Jang Han, Up till ep 09 great then unwatchable, Netflix, Demon Male Lead, Kim_Jiyu, Do Do Hee, Fantasy, Lee Yoon Ji, Lee Sang Yi in My Demon Korean Drama, What are your favorite lines in ""My Demon""?, Edit Translation, pia, Lee Yoon Ji in My Demon Korean Drama, Donixe, Comedy, Rich Female Lead, The Judge from Hell, What is your favorite scene?, Read More, Recs, Jo Hye Joo in My Demon Korean Drama, Episodes, Jin Ga Yeong, Heiress Female Lead, Kim Hae Sook in My Demon Korean Drama, Add Recommendations, Nikkinn, Reviews, Tale of the Nine-Tailed, Destined with You, Supernatural, Kwon Da Som, Login, Song Kang, Sassy Female Lead, My Demon Korean Drama photo, Feed, 2, Kdrama lover, morningblue, Hotel del Luna, Add Cast, Jung Gu Won, fl1ckz, Hieu Hien, Noh Soo An, Minah, Discussions, 352 users, Kim You Jung in My Demon Korean Drama, Contract Relationship, Other reviews by this user, Joo Seok Hoon, My Demon poster, Jo Hye Joo, Action, nclxaihara, Lee Sang Yi, View all (84), Kayceluvdrama, Details, Age Gap [Real Life], Edit this Page, View all, Buy on Amazon, Joo Chun Sook, Write Review, Choi Ah Il, Kim Hae Sook, just a girl, Orphan Female Lead, Cast, Song Kang in My Demon Korean Drama, Photos, (Vote tags), Guardian: The Lonely and Great God, Doom at Your Service, How would you rate or rank My Demon so far?, 마이데몬, 0, Supernatural Power, Register, dreamfull78, Romance, New Topic, Interspecies Romance, View all (379)"
27,King the Land,"Comedy, Romance","Hotel Setting, Hardworking Female Lead, Male Chases Female First, Best Friends' Relationship, Workplace Setting, Rich Male Lead, Opposites Attract, Healthy Mains’ Relationship, Competent Female Lead, Nice Female Lead (Vote tags)","Best Friends' Relationship, Kim Jae Won, Kissing the Ring Finger, Lim Yoon A, Netflix, Workplace Setting, Im Hyun Wook, TVING, Lee Jun Ho, rivk00, King the Land Korean Drama photo, roddib, Lee Jun Ho in King the Land Korean Drama, Didn't their relationship start too soon?, Hotel Trainees, Edit Translation, View all (279), No rating for Political/ Etnic issues, this is not the place, 킹더랜드, DrBuni, Ahn Se Ha, Comedy, Hotel Setting, Read More, 16, Recs, Episodes, Nice Female Lead, 340 users, My Secret Hotel, PrincetonGirl818, Add Recommendations, Choi Rom, Cloudynight__, Reviews, Humiliating, racists to a culture, offended to Arabians, Login, taengoo_ss, King the Land poster, View all (96), Feed, ASTER, 9999775, Hotel del Luna, Add Cast, Forhad Ahmed Niloy, Kim Jae Won in King the Land Korean Drama, Discussions, Best RomCom 2023, Ahn Se Ha in King the Land Korean Drama, What's Wrong with Secretary Kim, Cheon Sa Rang, Competent Female Lead, Elaine, Rich Male Lead, Same Theme + New Drama = Lame Drama, Other reviews by this user, Kim Ga Eun, Details, Gu Won, Edit this Page, HughPulliam, Opposites Attract, View all, Buy on Amazon, Write Review, just a girl, Lim Yoon A in King the Land Korean Drama, Cast, Photos, (Vote tags), Go Won Hee, Jairen, 0, Choi Sun Min, Go Won Hee in King the Land Korean Drama, Healthy Mains’ Relationship, Kim Ga Eun in King the Land Korean Drama, Business Proposal, Register, Romance, patrycjaszewczyk, Let's guess how many kisses will we get between ML and FL?, Hardworking Female Lead, New Topic, Male Chases Female First"
29,Doom at Your Service,"Comedy, Romance, Drama, Fantasy","Terminal Illness, Supernatural Power, Illness, Fate, Hardworking Female Lead, Brain Cancer, Unlucky Female Lead, First Love, Glioblastoma, Eccentric Male Lead (Vote tags)","Lee Soo Hyuk in Doom at Your Service Korean Drama, Netflix, Illness, Roku, TVING, AH, BlingBling30, Lee Hyeon Gyu, Shin Do Hyun, Park Bo Young in Doom at Your Service Korean Drama, Fantasy, Tak Dong Gyeong, Edit Translation, Viki, Kim Sa Ram / ""Myeol Mang"", Seo In Guk, Lee Soo Hyuk, Charu, Comedy, Read More, View all (58), My Roommate Is a Gumiho, Recs, Episodes, Glioblastoma, DaliaB, Pixeliene, 어느 날 우리집 현관으로 멸망이 들어왔다, Da Won in Doom at Your Service Korean Drama, Add Recommendations, What kept you invested in DAYS? Plot VS Dialogues VS Chemistry, View all (639), Angel's Last Mission: Love, Eccentric Male Lead, Prime Video, Reviews, Tale of the Nine-Tailed, Login, Doom at Your Service poster, Feed, Cha Ju Ik, Add Cast, My Demon, 3, Seo In Guk in Doom at Your Service Korean Drama, Discussions, Terminal Illness, What if you were the main character?, Shin Do Hyun in Doom at Your Service Korean Drama, Doom At Your Service: Destruction and Creation, Doom at Your Service Korean Drama photo, Kang Tae Oh in Doom at Your Service Korean Drama, Can anyone please tell me….., Contract Rules & Details, Kwon Young Il, Predictions on the Ending?, Other reviews by this user, burbigo, Fate, Unlucky Female Lead, Brain Cancer, Park Bo Young, Da Won, Details, Na Ji Na, Edit this Page, Abyss, View all, Buy on Amazon, Write Review, Cast, 401 users, Photos, (Vote tags), Guardian: The Lonely and Great God, Apple TV, Cho Na, Supernatural Power, First Love, Register, Im Me A Ri, 4, Romance, Kang Tae Oh, Drama, Hardworking Female Lead, Marshmallow-Chocoholic, New Topic, Ivy"
31,My Name,"Action, Thriller, Mystery, Crime","Criminal Organization, Badass Female Lead, Revenge, Murder, Trauma, Hidden Identity, Gang, Double Identity, Noir, Death (Vote tags)","Cha Gi Ho, Read More, Trauma, Kim Jin Min, Mystery, Lee Hak Joo in My Name Korean Drama, View all (42), Ahn Bo Hyun in My Name Korean Drama, Recs, 6, Episodes, Edit this Page, Kim Ba Da, DIANA LIU, Discussions, Extracurricular, Han So Hee in My Name Korean Drama, View all, Thriller, Buy on Amazon, Netflix, Write Review, Badass Female Lead, Kim Sang Ho, Do Kang Jae, The Worst of Evil, Han So Hee, Yoon Ji Woo / Oh Hye Jin, Weak Hero Class 1, WandereR, Revenge, Add Recommendations, Cast, Moonstruck, Jung Tae Joo, Death, Photos, Choi Mujin Appreciation post - (with spoilers!), 26, (Vote tags), Lee Hak Joo, Chang Ryul, The Villainess, kretuzerwilhelmxiii, The Glory, Details, Reviews, Murder, Other reviews by this user, Login, Kill It, Criminal Organization, Park Hee Soon, Register, My Name Korean Drama photo, Edit Translation, Kim  Sang Ho in My Name Korean Drama, 마이 네임, Hidden Identity, Jeon Pil Do, Feed, Park Hee Soon  in My Name Korean Drama, My Name poster, Choi Moo Jin, Crime, Action, View all (101), New Topic, Ahn Bo Hyun, Double Identity, Noir, Add Cast, Gang, 248 users, Chang Ryul in My Name Korean Drama"
33,All of Us Are Dead,"Action, Thriller, Horror, Sci-Fi","Survival, Zombies, Death, Zombie Apocalypse, Virus, Gore, Slight Romance, High School, Friendship, School Bullying (Vote tags)","All of Us Are Dead poster, Thriller, Netflix, Park Ji Hu, Death, Lomon, #Alive, Shafkat, All of us are dead after watching ???? Your favourite drama, JustAnotherFan, Lee Su Hyeok, Edit Translation, Lee Byeong Chan, All of Us Are Dead Zombie Exam, All of Us Are Dead Korean Drama photo, Nam On Jo, Read More, Survival, Recs, All of Us Are Dead Season 2, Episodes, Zombie Apocalypse, Lomon in All of Us Are Dead Korean Drama, Chun Sung Il, View all (314), Add Recommendations, Kingdom, itsme__pritesh, Are All of Us Dead ?, Reviews, Park Ji Hu in All of Us Are Dead Korean Drama, Cho Yi Hyun, Login, High School, Lee Jae Gyoo, Yoo In Soo, unterwegsimkoreanischenD, Duty after School: Part 1, Feed, Add Cast, View all (95), Yoo In Soo in All of Us Are Dead Korean Drama, Zombies, Lee Cheong San, Cho Yi Hyun in All of Us Are Dead Korean Drama, Yoon Chan Young, Slight Romance, Yun Gwi Nam, Train to Busan, Discussions, Kim Byung Chul, Kim Byung Chul in All of Us Are Dead Korean Drama, Gore, Other reviews by this user, All of Us Are Dead Commentary, Friendship, Lighter, Sweet Home, erythrina117, 237 users, 지금 우리 학교는, Action, School Bullying, Details, Edit this Page, Yoon Chan Young in All of Us Are Dead Korean Drama, Horror, View all, Buy on Amazon, Write Review, Cast, Photos, (Vote tags), 0, Sci-Fi, Register, Happiness, New Topic, Virus, Choi Nam Ra"
35,Queen of Tears,"Comedy, Romance, Life, Drama","Rich Family, Company President (CEO) Female Lead, Lawyer Male Lead, Black Comedy, Heiress Female Lead, Second Chance Romance, Married Life, Illness, Conglomerate, Prestigious Family (Vote tags)","Conglomerate, suchimonster, Prestigious Family, Netflix, Illness, Lee Joo Bin in Queen of Tears Korean Drama, Lawyer Male Lead, Tarak Anna, lovelaughter, TVING, Love's Ambition, 143, 눈물의 여왕, Kwak Dong Yeon, Dot_dot, imashy, Edit Translation, Kim Gab Soo in Queen of Tears Korean Drama, When the Phone Rings, Comedy, Read More, Black Comedy, Rich Family, Recs, View all (149), Episodes, Amazing Grace. - Foe or Friend ?, Kim Ji Won in Queen of Tears Korean Drama, Second Chance Romance, Lee Joo Bin, Heiress Female Lead, why do you think the writing of Qot is sloppy? mention the plot holes too!, Add Recommendations, Hong Soo Cheol, Reviews, Couple on the Backtrack, Login, Life, Married Life, Queen of Tears poster, zimcherry, Kim Soo Hyun in Queen of Tears Korean Drama, How Queen Of Tears Played key role in Kim Soo Hyun downfall, Feed, Queen of Tears Special, It's Okay to Not Be Okay, Kim Soo Hyun, Add Cast, Baek Hyeon U, What made you watch Queen of Tears?, Discussions, Crash Landing on You, Company President (CEO) Female Lead, Kim Gab Soo, Other reviews by this user, Do you think the final episode could be better? If yes,how so?, Hong Hae In, 12, Park Sung Hoon, Details, Park Ji Eun, Jang Young Woo, Edit this Page, Park Sung Hoon in Queen of Tears Korean Drama, Queen of Tears Korean Drama photo, deidra, View all, Buy on Amazon, Write Review, yniee, View all (1068), Meowchi, Tearstears, Kwak Dong Yeon in Queen of Tears Korean Drama, just a girl, Cast, Cheon Da Hye, Kim Ji Won, Photos, (Vote tags), Kim Hee Won, Register, The Heirs, dreamfull78, Romance, Timestaps/Spoilers, Drama, New Topic, 540 users"
37,When Life Gives You Tangerines,"Romance, Life, Drama","Family Relationship, Nice Male Lead, Healthy Mains’ Relationship, Break Up, Teenage Pregnancy, Poor Family, Father-Daughter Relationship, Poor Male Lead, Chasing A Dream, Heartwarming (Vote tags)","Which is ur fav volume?, Netflix, Moon So Ri, Father-Daughter Relationship, Teenage Pregnancy, Park Bo Gum in When Life Gives You Tangerines Korean Drama, Park Bo Gum, Moon So Ri in When Life Gives You Tangerines Korean Drama, Timeline reference, Edit Translation, Explanations for little cultural things?, Shewrites, Poor Male Lead, Yang Gwan Sik, Butterfly, Read More, Kim Yong Rim in When Life Gives You Tangerines Korean Drama, Recs, Episodes, Heartwarming, 474 users, bayanoh, Rima-chan, Cora, Add Recommendations, Reviews, Kim Won Suk, Life, Login, Na Moon Hee in When Life Gives You Tangerines Korean Drama, 2busywatching, Feed, Welcome to Samdal-ri, Add Cast, Xiao Yu, Park Hae Joon in When Life Gives You Tangerines Korean Drama, Poor Family, 3, Family Relationship, Na Moon Hee, My Mister, Yuichin, Discussions, View all (129), Moonbeam, Park Hae Joon, When Life Gives You Tangerines poster, Reply 1988, Nice Male Lead, When Life Gives You Tangerines Korean Drama photo, Other reviews by this user, Jiang Xuening ZENAR, The Good Bad Mother, So... I Can’t Watch This Because I’m Not a Mom?, 15, View all (84), tichuuuuu, Details, Our Blues, 폭싹 속았수다, Edit this Page, View all, Buy on Amazon, Write Review, Chasing A Dream, IU in When Life Gives You Tangerines Korean Drama, Twenty Five Twenty One, Kim Yong Rim, just a girl, Cast, Photos, (Vote tags), O Ae Sun | Yang Geum Myeong, Bu Sang Gil's redemption, IU, What was the best scene for you?, Healthy Mains’ Relationship, Register, Romance, Im Sang Choon, Drama, New Topic, Break Up, Mad-Clown"
39,Our Beloved Summer,"Romance, Life, Youth, Drama","Lovers Reunited, Second Chance Romance, High School Sweethearts, Character Development, First Love, Healing, Flashback To Past, Love/Hate Relationship, Interview, Coming Of Age (Vote tags)","suchimonster, Youth, Lovers Reunited, Netflix, Kim Da Mi in Our Beloved Summer Korean Drama, Mawi, High School Sweethearts, Healing, Kim Ji Ung, 9, Roh Jeong Eui, ""NJ"", Ost question, Coming Of Age, Edit Translation, The Timeline of Choi Woong and Yeonsoo Relationship [SPOILER], Choi Woo Shik, Gunter123456789, Interview, Hidden Love, Kim Sung Cheol, Lee Sol Yi, Read More, Park Jin Joo, Recs, Episodes, Second Chance Romance, Kim Da Mi, Kim Sung Cheol in Our Beloved Summer Korean Drama, Add Recommendations, Koo Eun Ho, Reviews, Choi  Woo Shik in Our Beloved Summer Korean Drama, CudleySteph, Life, Login, Why would Kim Ji Woong agree on doing the documentary again?, sun, Feed, o_reo123, Welcome to Samdal-ri, Add Cast, Forhad Ahmed Niloy, 그해 우리는, Our Beloved Summer poster, Discussions, nicasama, Timestamps/Spoilers, Choi Woong, Our Beloved Summer: The Movie, Ahn Dong Goo in Our Beloved Summer Korean Drama, Our Beloved Summer: The Documentary, Ahn Dong Goo, Our Beloved Summer Korean Drama photo, The First Frost, More Than Friends, Other reviews by this user, Kim Yoon Jin, View all (54), 275 users, Kook Yeon Soo, Flashback To Past, Details, xue er, Love/Hate Relationship, Park Jin Joo in Our Beloved Summer Korean Drama, Edit this Page, Wavve, Roh Jeong Eui in Our Beloved Summer Korean Drama, All the reference movies from Our Beloved Summer., View all, Buy on Amazon, Write Review, Twenty Five Twenty One, Episode Title, OST, Literature and more hints discussion! [SPOILER], Cast, Photos, (Vote tags), Lovestruck in the City, Character Development, 0, First Love, Register, Romance, View all (500), Lee Na Eun, Drama, New Topic"
21,Happiness,"Action, Thriller, Drama, Sci-Fi","Infectious Disease, Police Officer Female Lead, Lockdown, Quarantine, Detective Male Lead, Building Setting, Virus, Slow Burn Romance, Healthy Mains’ Relationship, Determined Female Lead (Vote tags)","Baek Hyun Jin in Happiness Korean Drama, Detective Male Lead, Thriller, Netflix, TVING, 304 users, #Alive, Lee Joon Hyuk in Happiness Korean Drama, Park Hyung Sik, Edit Translation, Viki, All of Us Are Dead, View all (279), Quarantine, Determined Female Lead, Slow Burn Romance, Read More, Recs, Episodes, Jung I Hyeon, Han Hyo Joo in Happiness Korean Drama, Police Officer Female Lead, Ahn Gil Ho, Add Recommendations, 해피니스, Park Joo Hee in Happiness Korean Drama, Han Hyo Joo, Reviews, Jo Woo Jin, Han Sang Un, Login, Han Tae Seok, Yun Sae Bom, Lee Ji Su, Duty after School: Part 1, Feed, Kim Jeong Guk, o_reo123, Add Cast, Infectious Disease, Train to Busan, Happiness poster, Discussions, Lee Joon Hyuk, Jo  Woo Jin in Happiness Korean Drama, Other reviews by this user, Sweet Home, WeTV, Action, Details, 6, Edit this Page, View all (51), View all, Buy on Amazon, Write Review, create a discussion, MsNotes, Cast, Photos, Park Hyung Sik in Happiness Korean Drama, (Vote tags), Apple TV, O Ju Hyeong, Baek Hyun Jin, 0, Strangers from Hell, Sci-Fi, Healthy Mains’ Relationship, Register, Happiness, Park Joo Hee, Drama, Lockdown, Happiness Korean Drama photo, New Topic, Virus, iQIYI, Building Setting"
23,"Nevertheless,","Romance, Life, Youth, Drama","Multiple Couples, Love Triangle, Playboy Male Lead, Adapted From A Webtoon, Friends With Benefits, Inner Monologue, Sexual Content, Fast Paced Romance, Unhealthy Mains' Relationship, Flirty Male Lead (Vote tags)","Doona!, Youth, Nav, Netflix, The heart wants what it wants, Saygo, Cheese in the Trap, Chae Jong Hyeop, Fast Paced Romance, Edit Translation, Han So Hee in Nevertheless, Korean Drama, Nevertheless, Korean Drama photo, Unhealthy Mains' Relationship, momo, Lee Yeol Eum, Love Alarm, Read More, Park Jae Eon, shen quin, Recs, Episodes, Nevertheless: The Shapes of Love, View all (352), Kim Ga Ram, How many women does pjw ACTUALLY sleep with?, Yang Hye Ji, miholovesjdramas, Add Recommendations, Sexual Content, Kang Bin in Nevertheless, Korean Drama, Love Triangle, Who thinks it will stick to the ending in webtoon?, View all (43), Reviews, 387 users, Login, Life, Team Butterfly, independent, or Potato?, Song Kang, Fantasy hearteu, Feed, 18, Add Cast, Inner Monologue, mrsginnymalfoy, 3, Discussions, kiraning, My Fuxxxxx Romance, Flirty Male Lead, why is PJE a red flag again?, Kang Bin, More Than Friends, Adapted From A Webtoon, Other reviews by this user, Multiple Couples, Yoo Na Bi, Song Kang in Nevertheless, Korean Drama, BITCHABITS, Oh Bit Na, Nonxthefeminist, Details, Tempted, Edit this Page, Playboy Male Lead, View all, Buy on Amazon, Write Review, Han So Hee, Friends With Benefits, 알고있지만,, Cast, Lee Yeol Eum in Nevertheless, Korean Drama, Nevertheless, poster, Photos, (Vote tags), Bhoomi, what would you do if you were in nabi's position?, Chae Jong Hyeop in Nevertheless, Korean Drama, Register, Romance, Jang Ji Yeon, Jung Won, Drama, Yang Hye Ji in Nevertheless, Korean Drama, New Topic, Yoon Seol Ah, Yang Do Hyuk, Disgursting Sheet"
25,Tomorrow,"Action, Thriller, Drama, Fantasy","Grim Reaper Female Lead, Grim Reaper Male Lead, Underworld, Attempted Suicide, Death, Suicide, Afterlife, Suicide Prevention, Coma, Team Leader Female Lead (Vote tags)","Tomorrow Korean Drama photo, Read More, Suicide Prevention, 1, Kim Yu Jin, Recs, Episodes, Edit this Page, Grim Reaper Female Lead, Discussions, View all, Thriller, Buy on Amazon, Netflix, Write Review, Kim Tae Yoon, The Uncanny Counter, Afterlife, MsNotes, View all (169), Death's Game, create a discussion, Kim Hae Sook, 내일, Yun Ji On, Kim Hee Sun, Add Recommendations, Cast, Move to Heaven, Underworld, Park Ran, Death, Photos, Tomorrow poster, Kim Hee Sun in Tomorrow Korean Drama, Yun Ji On in Tomorrow Korean Drama, Ro Woon, 286 users, (Vote tags), Koo Ryeon, Kim Nu Ri, Grim Reaper Male Lead, Details, Reviews, View all (159), Ro Woon in Tomorrow Korean Drama, Jade Emperor, Other reviews by this user, Login, Fantasy, Register, 4, Attempted Suicide, Sell Your Haunted House, Edit Translation, Choi Jun Ung, Team Leader Female Lead, Kim Hae Sook in Tomorrow Korean Drama, unterwegsimkoreanischenD, Sung Chi Wook, Jang Jae Hui, Feed, Suicide, Lee Soo Hyuk, Action, Drama, Park Jung Gil, Coma, Kim Nu Ri in Tomorrow Korean Drama, Mystic Pop-Up Bar, Im Ryung Gu, New Topic, Lee Soo Hyuk in Tomorrow Korean Drama, Hotel del Luna, Add Cast, Park Ja Kyung"
27,The Glory Part 2,"Thriller, Drama, Melodrama","Revenge, Trauma, Graphic Violence, Suspense, Perpetrator-Victim Relationship, Domestic Violence, Brief Nudity, Scheme, Nudity (Vote tags) (show hidden tags)","Read More, Lee Do Hyun in The Glory Part 2 Korean Drama, Trauma, Im Ji Yeon in The Glory Part 2 Korean Drama, Recs, Starry night, Vigilante, Episodes, Edit this Page, KorgKakyoin, View all (100), Discussions, View all, Thriller, Buy on Amazon, Netflix, Write Review, The Penthouse: War in Life, Graphic Violence, Weak Hero Class 1, Yeom Hye Ran in The Glory Part 2 Korean Drama, Domestic Violence, Ahn Gil Ho, Yeom Hye Ran, Park Yeon Jin, Revenge, Moon Dong Eun, Cast, Scheme, Add Recommendations, Suspense, Photos, The Glory Part 2 Korean Drama photo, (Vote tags), Brief Nudity, Nudity, The Glory, Song Hye Kyo in The Glory Part 2 Korean Drama, View all (105), Reviews, Joo Yeo Jung, Jung Sung Il in The Glory Part 2 Korean Drama, Other reviews by this user, Kim Eun Sook, Kang Hyun Nam, 8, 0, Revenge of Others, Login, The Glory Part 2 poster, Park Sung Hoon in The Glory Part 2 Korean Drama, Jeon Jae Jun, Register, Edit Translation, Park Sung Hoon, Song Hye Kyo, 174 users, xONLYINHUMANx, Melodrama, Feed, Jung Sung Il, Ha Do Young, Drama, New Topic, Perpetrator-Victim Relationship, Expectations for the end, Im Ji Yeon, 더글로리 파트 2, Add Cast, Lee Do Hyun, R_i_a, Details, My Name"
29,Love Next Door,"Comedy, Romance, Family","Childhood Connection, Friends To Lovers, Friendship, Meet Again, Successful Male Lead, Family Relationship, Mother-Daughter Relationship, Nice Male Lead, Sismance, Childhood Friends' Relationship (Vote tags)","Love Next Door Korean Drama photo, View all (78), 엄마 친구 아들, Our Beloved Summer, Childhood Connection, xuehua, Netflix, 13, TVING, View all (419), Kang Dan Ho, Doctor Slump, Edit Translation, Jo Han Chul in Love Next Door Korean Drama, Bae Seok Ryu, Because This Is My First Life, Mother-Daughter Relationship, Comedy, Second Shot at Love, Read More, Recs, Episodes, Jo Han Chul, Yoo Je Won, Choi Seung Hyo's letter to himself in 10 years (English Trans), aris, Jung So Min, Add Recommendations, Kim Ji Eun in Love Next Door Korean Drama, Reviews, Yun Ji On in Love Next Door Korean Drama, Meet Again, Login, female characters in love next door, Feed, Welcome to Samdal-ri, Add Cast, fl1ckz, Family Relationship, Nigdylandia, Discussions, Precious, Choi Seung Hyo, Shin Ha Eun, Childhood Friends' Relationship, danho and moeum, Na Mi Suk, Bae Geun Sik, Nice Male Lead, Other reviews by this user, Friendship, Jung Hae In in Love Next Door Korean Drama, Park Ji Young in Love Next Door Korean Drama, Queen of Tears, Jung So Min in Love Next Door Korean Drama, Jung Hae In, Mariam, Kim Ji Eun, Poem for Love Next Door Leads., Family, 37, ibisfeather, Kaviya Sanjeevi, Details, Love Next Door poster, Edit this Page, deidra, View all, Buy on Amazon, Write Review, Park Ji Young, Yun Ji On, just a girl, Cast, Photos, What's your favourite OST from Love Next Door?, (Vote tags), Jung Mo Eum, Friends To Lovers, Sismance, Register, Romance, 389 users, Successful Male Lead, New Topic, Love Next Door Mini Diary Entries (English Trans)"
31,Hospital Playlist Season 2,"Romance, Life, Drama, Medical","Multiple Mains, Band, Music, Illness, Multiple Couples, Comedy, Bromance, Friendship, Divorced Male Lead, Smart Female Lead (Vote tags)","Bromance, Yoo Yeon Seok in Hospital Playlist Season 2 Korean Drama, Netflix, Yoo Yeon Seok, Illness, TVING, What did you think about the episode 5 preview?, Chae Song Hwa, Aku, Edit Translation, Rosee, Smart Female Lead, Daniella Lay, Comedy, Read More, Jo Jung Suk in Hospital Playlist Season 2 Korean Drama, Hospital Playlist Season 2 poster, Jo Jung Suk, Recs, Prison Playbook, Episodes, Jeon Mi Do, Hospital Playlist, MiyamotoMusashi, Add Recommendations, Kim Dae Myung in Hospital Playlist Season 2 Korean Drama, Reviews, Login, Life, Lee Ik Jun, hanhoyeol, Dr. Romantic Season 3, Kim Jun Wan, HIRAI MOMO, Noemi, Hospital Playlist Season 2 Korean Drama photo, Feed, Lee Woo Jung, thepooh, Sarang, Add Cast, 슬기로운 의사 생활 시즌2, 3, Band, Music, Discussions, Are you actually enjoying season 2? Or are you just watching it because you loved season 1?, Do you think Ik Jun and Song Hwa will ever be more than platonic friends ?, Jung Kyung Ho, My thoughts on season 2 so far..., Jang Gyeo Ul, Three Meals a Day: Doctors, Reply 1988, Other reviews by this user, Friendship, Multiple Couples, Divorced Male Lead, Dr. Romantic, Your favorite ""duos"", 116 users, Tsuyu, Details, Shin Won Ho, Resident Playbook, Edit this Page, View all, Buy on Amazon, Write Review, Kim Dae Myung, Jung Kyung Ho in Hospital Playlist Season 2 Korean Drama, Cast, Hospital Playlist's Mission 99 Possible, Photos, Multiple Mains, (Vote tags), An Jeong Won, Medical, View all (213), Hospital Playlist Season 2 Special, Yang Seok Hyeong, The Oath of Love, Harriet Ho, Register, 4, Romance, Shin Hyun Been, Jeon Mi Do in Hospital Playlist Season 2 Korean Drama, Shin Hyun Been in Hospital Playlist Season 2 Korean Drama, the_sapio_nerd, Drama, New Topic, View all (768), What do you think is going to happen to the IkSeong ship in episode 7?, BrightestStar"
33,My Roommate Is a Gumiho,"Comedy, Romance, Fantasy","Calm Male Lead, Straightforward Female Lead, Cohabitation, Adapted From A Webtoon, Nine-tailed Fox, Friendship, Supernatural, Multiple Mains, Nice Male Lead, Multiple Couples (Vote tags)","Lia0215, Netflix, Park Kyung Hye in My Roommate Is a Gumiho Korean Drama, TVING, Jang Ki Yong in My Roommate Is a Gumiho Korean Drama, KdramaAngel, Fantasy, Calm Male Lead, Edit Translation, Viki, Cohabitation, Comedy, My Girlfriend Is a Gumiho, Read More, Recs, Episodes, My Roommate Is a Gumiho poster, Kangchi, the Beginning, ending of the webtoon, Add Recommendations, Age gaps in dramas, styx971, Lee Hye Ri in My Roommate Is a Gumiho Korean Drama, Kim Do Wan in My Roommate Is a Gumiho Korean Drama, Bae In Hyuk in My Roommate Is a Gumiho Korean Drama, Kdramalama, Prime Video, Reviews, Tale of the Nine-Tailed, Supernatural, Login, Feed, 2, My Roommate Is a Gumiho Korean Drama photo, Kang Han Na, Don't even have a Little SLS!!, Bae In Hyuk, Add Cast, 간 떨어지는 동거, Perfect and Casual, Discussions, Your Chinese zodiac ?, Lisa, Nine-tailed Fox, Adapted From A Webtoon, Nice Male Lead, Other reviews by this user, jjonghaos, Friendship, Multiple Couples, View all (522), Park Kyung Hye, View all (54), tae_, DavisLoret, Details, 1, Miky88, Edit this Page, Kim Do Wan, Jang Ki Yong, View all, Buy on Amazon, Write Review, Straightforward Female Lead, Lee Hye Ri, Cast, Photos, Multiple Mains, (Vote tags), Guardian: The Lonely and Great God, Doom at Your Service, Choi Bo Rim, Apple TV, Kang Han Na in My Roommate Is a Gumiho Korean Drama, Baek Sun Woo, XingBack, Register, Romance, New Topic, iQIYI, Nam Sung Woo, 224 users"
35,Marry My Husband,"Comedy, Romance, Drama, Fantasy","Time Travel, Infidelity, Revenge, Gaslighting, Betrayal, Time Altering, Betrayed By A Friend, Age Gap [Real Life], Second Chance, Butterfly Effect (Vote tags)","suchimonster, Where we all pretend to be a MMH character, worldkdramafan2025, Kang Ji Won, TVING, Shin Yoo Dam, Lee Yi Kyung, Shining for One Thing, Park Min Young in Marry My Husband Korean Drama, mahiba, What made you watch MMH?, Perfect Marriage Revenge, Song Ha Yoon, Fantasy, Na In Woo, Edit Translation, Park Min Young, Comedy, Infidelity, Read More, Recs, Episodes, Blue Orchid Blossom, FanFanX, Park Min Hwan, Revenge, Add Recommendations, Her Trajecting, View all (65), Butterfly Effect, Prime Video, Reviews, Login, Lee Gi Kwang in Marry My Husband Korean Drama, Feed, Lee Yi Kyung in Marry My Husband Korean Drama, Add Cast, Baek Eun Ho, Jung Soo Min, Betrayed By A Friend, Discussions, Gong Min Jung, fishcake, Timestamps/Spoilers, Time Travel, Kate, Second Chance, What is your favorite scence?, My Boss, 내 남편과 결혼해줘, Marry My Husband: Japan, Park In ah, Yoo Ji Hyuk, Marry My Husband ^ OST ^, Park Won Gook, Reset, Other reviews by this user, Lee Gi Kwang, Miss Jiang's Counterattack, Blossom, Gaslighting, 283 users, Details, 1, Time Altering, Age Gap [Real Life], Yang Joo Ran, Annette, Edit this Page, View all, Buy on Amazon, Write Review, MsNotes, Cast, View all (139), Marry My Husband poster, Photos, (Vote tags), Betrayal, Apple TV, Marry My Husband Korean Drama photo, Register, 4, dreamfull78, Romance, Na In Woo in Marry My Husband Korean Drama, Drama, New Topic, Song  Ha Yoon in Marry My Husband Korean Drama, We all just showed up to watch this after finishing the webtoon, Gong Min Jung in Marry My Husband Korean Drama"
37,Moving,"Action, Thriller, Mystery, Supernatural","Graphic Violence, Supernatural Power, Multiple Mains, Romance, Family Relationship, Past And Present, Mother-Son Relationship, Father-Daughter Relationship, Suspense, 1990s (Vote tags)","Moving poster, 231 users, Thriller, Graphic Violence, Ryu Seung Ryong, Father-Daughter Relationship, View all (126), Zo In Sung in Moving Korean Drama, The Atypical Family, Edit Translation, Disney+, Read More, Recs, Episodes, Kim Sung Kyun in Moving Korean Drama, Ryu Seung Ryong in Moving Korean Drama, Add Recommendations, Kang Full, Past And Present, Mother-Son Relationship, Han Hyo Joo, Reviews, Supernatural, Login, A Shop for Killers, bleu, Feed, Cha Tae Hyun in Moving Korean Drama, I Am Nobody, Frank, Add Cast, Zo In Sung, Park In Je, Ryu Seung Beom, 3, Family Relationship, Disney+ Hotstar, Discussions, Moving Korean Drama photo, The Uncanny Counter, Hulu, Kim Du Sik, Other reviews by this user, Lee Jae Man, Light Shop, Action, Cha Tae Hyun, Details, hrl, Mystery, Edit this Page, View all, Buy on Amazon, Write Review, create a discussion, Han Hyo Joo in Moving Korean Drama, The Gifted, Cast, Suspense, Photos, Multiple Mains, Psychokinesis, (Vote tags), Apple TV, Lee Mi Hyeon, Jang Ju Won, 0, Supernatural Power, Register, Moving Season 2, Romance, Ryu Seung Beom in Moving Korean Drama, 무빙, 1990s, View all (215), Kim Sung Kyun, Jeon Gye Do, New Topic"
39,Alchemy of Souls Season 2: Light and Shadow,"Action, Historical, Romance, Fantasy","Fantasy World, Smart Male Lead, Marriage Of Convenience, Birth Secret, Supernatural, Nice Male Lead, Transmigration, Antihero Male Lead, Black Magic, Amnesia (Vote tags)","Netflix, Go Youn Jung in Alchemy of Souls Season 2: Light and Shadow Korean Drama, Jang Uk, Lee Jae Wook in Alchemy of Souls Season 2: Light and Shadow Korean Drama, Alchemy of Souls Season 2: Light and Shadow Korean Drama photo, GYJ ND LJW once again in a new show which genre will you all prefer?, 390 users, haruaui, M M, Alchemy of Souls Season 2: Light and Shadow poster, Who is heo yoon ok dating?, Black Magic, Fantasy, 환혼 시즌2: 빛과 그림자, Edit Translation, Oh Na Ra, Yoo Joon Sang, Oh Na Ra in Alchemy of Souls Season 2: Light and Shadow Korean Drama, Hwang Min Hyun in Alchemy of Souls Season 2: Light and Shadow Korean Drama, Hong Mi Ran, Read More, Kim Do Ju, Lee Jae Wook, Recs, Episodes, Unresolved plot holes, Moral of the story, Birth Secret, Transmigration, ZenaidaLopez, Add Recommendations, Shin Seung Ho, Reviews, 11774507, Supernatural, Login, Seo Yul, Marriage Of Convenience, 32, Feed, Smart Male Lead, Lotus Eater, The Untamed, Add Cast, Bae Hyun Jin, 3, IM YourOnlyOne, Amnesia, Hong Jeong Eun, Antihero Male Lead, The Forbidden Marriage, Discussions, Yoo  Joon Sang in Alchemy of Souls Season 2: Light and Shadow Korean Drama, ArbazAkhtar__HOD, Go Youn Jung, Nice Male Lead, Park Jin, Other reviews by this user, (FINAL update) How can NakYeon survive?, Bulgasal: Immortal Souls, Hwang Min Hyun, Lovers of the Red Sky, Alchemy of Souls, Aramintai, Action, Details, Edit this Page, Fantasy World, View all, Buy on Amazon, Write Review, View all (607), just a girl, Cast, Historical, Naksu / Cho Yeong / Jin Bu Yeon, Photos, (Vote tags), Guardian: The Lonely and Great God, Shin Seung Ho in Alchemy of Souls Season 2: Light and Shadow Korean Drama, Does this show really deserve a 9.1 rating? Please let's give back a fair rating to MDL, Register, Romance, Go Won, Park Joon Hwa, New Topic, View all (70)"
41,Taxi Driver,"Action, Thriller, Crime, Drama","Investigation, Revenge, Taxi Driver Male Lead, Teamwork, Secret Organization, Prosecutor Female Lead, Adapted From A Webtoon, Smart Female Lead, Calm Male Lead, Based On A True Story (Vote tags)","Based On A True Story, Thriller, Netflix, Secret Organization, An Go Eun, Taxi driver broadcast, Kim Eui Sung in Taxi Driver Korean Drama, Bae Yoo Ram in Taxi Driver Korean Drama, Calm Male Lead, Kang Ha Na, Edit Translation, Viki, Smart Female Lead, Investigation, Jang Hyuk Jin, Taxi Driver Male Lead, Lee Je Hoon in Taxi Driver Korean Drama, Jang Seong Cheol, The Judge from Hell, View all (197), Read More, View all (128), Recs, Episodes, My Liberation Notes, Taxi Driver Korean Drama photo, Revenge, Add Recommendations, Taxi Driver Returns: Resumed Operation Special, The Devil Judge, Oh Sang Ho, Taxi Driver poster, 모범택시, Prime Video, Reviews, SBS World, The Player, Login, Esom, Kim Eui Sung, Kocowa, Feed, Add Cast, Vigilante, Discussions, Lee Ji Hyun, Kim Do Gi, Park Joon Woo, AnastasiaWun, Jang Hyuk Jin in Taxi Driver Korean Drama, Pyo Ye Jin in Taxi Driver Korean Drama, Prosecutor Female Lead, arri, Adapted From A Webtoon, Other reviews by this user, Vincenzo, 145 users, Crime, Action, Details, 1, Bae Yoo Ram, drama-watcher, Taxi Driver OSTs, Edit this Page, View all, Buy on Amazon, MyKLove, Write Review, Pyo Ye Jin, Taxi Driver Season 2, Cast, Photos, Teamwork, (Vote tags), The Glory, Apple TV, Register, Lee Je Hoon, Drama, Esom in Taxi Driver Korean Drama, New Topic"
43,Sh**ting Stars,"Comedy, Romance, Drama","Entertainment Industry, PR Specialist Female Lead, Multiple Mains, Actor Male Lead, Multiple Couples, Reporter Female Lead, Famous Male Lead, Company President (CEO) Supporting Character, Epilogue, Talent Manager Female Lead (Vote tags)","O Han Byeol, Netflix, Why people shouldn't decide on their hate for Tae Sang's mother as yet., Lee Soo Hyun, TVING, 221 users, Love to Hate You, Kim Young Dae, micheal1803, Talent Manager Female Lead, ENEMIES TO LOVERS FINALLY!!!, Lee Jung Shin in Sh**ting Stars Korean Drama, Edit Translation, Viki, 17, Comedy, Touch Your Heart, Read More, Her Private Life, Recs, Episodes, Reporter Female Lead, Add Recommendations, Crazy Love, Reviews, View all (322), Login, bloomingtide, 별똥별, Sh**ting Stars Korean Drama photo, PR Specialist Female Lead, Rina_a365, Do Su Hyeok, Company President (CEO) Supporting Character, Feed, Kim Young Dae in Sh**ting Stars Korean Drama, Add Cast, So I Married the Anti-Fan, The IRL stories, the show represents..., Last Empress, dndnxxxx, Discussions, Kim Yoon Hye, Epilogue, Kimwoobine, Yoon Jong Hoon, Lee Jung Shin, Park Ho Yeong, Tsumari Suki tte iitai n Dakedo,, Kang Yu Seong, Sylvie, Famous Male Lead, Other reviews by this user, Multiple Couples, WeTV, Kim Yoon Hye in Sh**ting Stars Korean Drama, Park So Jin, Actor Male Lead, View all (93), Choi Yeon Seo, Park So Jin in Sh**ting Stars Korean Drama, Kayceluvdrama, Details, 1, Conservative Torch, Edit this Page, View all, Yoon Jong Hoon in Sh**ting Stars Korean Drama, Buy on Amazon, My Secret My Everything!!!, Write Review, Entertainment Industry, Toot, Choi Yeong U, Cast, Photos, Multiple Mains, (Vote tags), Lee Sung Kyung in Sh**ting Stars Korean Drama, Apple TV, Register, Lee Sung Kyung, Romance, Kong Tae Seong, the_sapio_nerd, Drama, New Topic, iQIYI, Sh**ting Stars poster, Cho Gi Ppeum, i'm here simply for kim young dae"
45,When the Phone Rings,"Thriller, Mystery, Romance, Drama","Contract Relationship, Arranged Marriage, Enemies To Lovers, Sign Language, Hidden Identity, Kidnapping, Age Gap [Drama Life], Revenge, Rich Family, Investigation (Vote tags)","View all (577), suchimonster, Moonlight Novel's Translated version, Thriller, Netflix, Yoo Yeon Seok in When the Phone Rings Korean Drama, Jung Dong Hwan in When the Phone Rings Korean Drama, Yoo Yeon Seok, Jang Gyu Ri in When the Phone Rings Korean Drama, Love's Ambition, pen_p, Soriya D, Perfect Marriage Revenge, Enemies To Lovers, When the Phone Rings poster, View all (85), nuguseyo, vertical drama based on WTPR, Edit Translation, Sign Language, Investigation, Jang Gyu Ri, 457 users, Read More, The Trunk, Rich Family, Recs, Kidnapping, Episodes, Revenge, Add Recommendations, 지금 거신 전화는, Kim Ji Woon, Reviews, Login, Hidden Identity, Han Jae Yi in When the Phone Rings Korean Drama, Feed, Baek Sa Eon, 2, ASTER, LucyL, Wi Deuk Gyu, Add Cast, Anita2, Heo Nam Jun, Discussions, Timestamps/Spoilers, Chae Soo Bin, Flower of Evil, on the controversy - and netflix mistranslations, Age Gap [Drama Life], Contract Relationship, Other reviews by this user, Arranged Marriage, Queen of Tears, My Dangerous Wife, Chae Soo Bin in When the Phone Rings Korean Drama, Details, Mystery, Heo Nam Jun in When the Phone Rings Korean Drama, Edit this Page, Wavve, Hong Hui Ju, Novel Translation: When the phone rings, View all, Buy on Amazon, Write Review, When the Phone Rings Korean Drama photo, just a girl, Cast, Photos, (Vote tags), bidulgi, 38, Article on drama details and some spoilers (with spoiler tags), Cho Na, Jung Dong Hwan, Park Sang Woo, Han Jae Yi, Register, Romance, Drama, New Topic"
47,Death's Game,"Thriller, Drama, Fantasy","Death, Survival, Poor Male Lead, Supernatural Being, Difficult Adulthood, Graphic Violence, Reincarnation, Depressed Male Lead, Suicidal Male Lead, Desperate Male Lead (Vote tags)","Supernatural Being, Park So Dam, Survival, 134 users, Park So Dam in Death's Game Korean Drama, Death's Game Part 2, Seo In Guk in Death's Game Korean Drama, Suicidal Male Lead, Nam Kyung Eup, Recs, Episodes, Edit this Page, Discussions, LexiB97, Kim Mi Kyung, View all, Thriller, Buy on Amazon, The Beauty Inside, Write Review, Depressed Male Lead, Graphic Violence, Moving, Lee Ju Mi in Death's Game Korean Drama, Tomorrow, 이재, 곧 죽습니다, TVING, Nam Kyung Eup in Death's Game Korean Drama, Cast, Kim Mi Kyung in Death's Game Korean Drama, Add Recommendations, Death, Photos, Go Youn Jung, (Vote tags), Desperate Male Lead, Perfect Marriage Revenge, ibra, Ha Byung Hoon, Prime Video, Reviews, View all (52), Cho Na, Other reviews by this user, 0, Login, Death's Game poster, Fantasy, Death's Game Korean Drama photo, The Twelve Reincarnations of Choi Yi Jae, Register, 4, Edit Translation, Feed, Seo In Guk, Poor Male Lead, Reincarnation, Drama, Difficult Adulthood, Go Youn Jung in Death's Game Korean Drama, View all (902), New Topic, Lee Ju Mi, Add Cast, Along with the Gods: The Two Worlds, Details"
49,Mouse,"Thriller, Mystery, Psychological","Murder, Investigation, Character Development, Dark Fiction, Suspense, Flashback To Past, Grandma-Granddaughter Relationship, Death, School Bullying (Vote tags) (show hidden tags)","Thriller, Dark Fiction, Lee Hee Joon in Mouse Korean Drama, Roku, TVING, HOWTO: The correct viewing order, Psychological, Death, First Impressions..., pyo mei, Ko Mu Chi, Gyeong Su Jin, View all (214), Murder, Ahn Jae Wook in Mouse Korean Drama, O Bong I, *spoilers* Nonsense or really far-fetched coincidences, Edit Translation, Viki, nick, Investigation, Choi Hong Ju, Read More, Recs, Episodes, Woo Ji Hyun in Mouse Korean Drama, Wndering Dragon, The King of Pigs, Add Recommendations, Gyeong Su Jin in Mouse Korean Drama, luckz, Mouse: The Theatrical Cut, Prime Video, Reviews, 260 users, Login, Beyond Evil, monfernova, Feed, Add Cast, Kang Cheol Woo, Mouse poster, Park Ju Hyun in Mouse Korean Drama, Lee Seung Gi, Mouse: Restart, Discussions, Gouri S, Will I still enjoy this if it has been spoiled for me?, One Ordinary Day, Flower of Evil, View all (176), Mouse: The Last, Mouse: The Predator, Tubi, Other reviews by this user, Choi Ran, WeTV, Blind, lemony, School Bullying, *Spoiler* Theory on how many psychopaths there are, Grandma-Granddaughter Relationship, Flashback To Past, Details, 1, Mystery, Edit this Page, Choi Joon Bae, BarbikaBored, View all, Buy on Amazon, Write Review, Park Ju Hyun, Lee Seung Gi in Mouse Korean Drama, boban11, 마우스, Hee-Jin, Cast, Suspense, Photos, (Vote tags), *spoilers* Open questions / unresolved matters, Lee Hee Joon, Mouse Korean Drama photo, Apple TV, Character Development, 0, Jung Ba Reum, Register, Woo Ji Hyun, Mouse, Ahn Jae Wook, Psychopath Diary, New Topic, iQIYI"
51,Squid Game Season 2,"Action, Thriller, Mystery, Drama","Death Game, Survival, Competition, Graphic Violence, Death, Suspense, Game, Transgender Female Lead, Social Commentary, Black Comedy (Vote tags)","21, Read More, Survival, Squid Game, Kang Ha Neul, Mystery, niaoniao, Black Comedy, inmyrare, Lee Byung Hun, Hwang Dong Hyuk, Recs, Game, Episodes, Edit this Page, Discussions, View all, Thriller, Buy on Amazon, Netflix, Kang Ha Neul in Squid Game Season 2 Korean Drama, Park Gyu Young in Squid Game Season 2 Korean Drama, Graphic Violence, Write Review, create a discussion, Wi Ha Joon in Squid Game Season 2 Korean Drama, View all (122), Yim Si Wan, 189 users, Park Gyu Young, Add Recommendations, Cast, View all (112), Death, Suspense, Photos, Alice in Borderland Season 3, (Vote tags), Lee Byung Hun in Squid Game Season 2 Korean Drama, Money Heist: Korea - Joint Economic Area - Part 2, Squid Game Season 3, Yim Si Wan in Squid Game Season 2 Korean Drama, Reviews, 오징어게임 시즌2, Social Commentary, Other reviews by this user, Wi Ha Joon, The 8 Show, Lee Jung Jae in Squid Game Season 2 Korean Drama, Login, Lee Myeong Gi / ""No. 333"", Register, Kang Dae Ho / ""No. 388"", Edit Translation, Squid Game Season 2 poster, Death Game, Alice in Borderland, Feed, Competition, Transgender Female Lead, Action, Drama, Squid Game Season 2 Korean Drama photo, Hwang In Ho, Lee Jung Jae, New Topic, Add Cast, Details, Seong Gi Hun / ""No. 456"", Cube"
53,Welcome to Samdal-ri,"Comedy, Romance, Life, Drama","Healing, Return To Hometown, Friendship, Childhood Sweethearts, Sisters' Relationship, Meet Again, Town Setting, Weather Forecaster Male Lead, Photographer Female Lead, Childhood Friends' Relationship (Vote tags)","Kwon Hye Joo, Our Beloved Summer, Weather Forecaster Male Lead, vulpinekl, Kim Mi Kyung, What for low ratings, negative reviews. Is this drama really bad ???, Netflix, Sisters' Relationship, Healing, Shin Dong Mi in Welcome to Samdal-ri Korean Drama, Drama ended, what's your thoughts !!!, Cho Jin Dal, Edit Translation, Comedy, Shin Dong Mi, What is your favoroite lines?, Read More, Leesia, Kang Mi Na, Cho Pan Sik, Recs, Episodes, Cha Young Hoon, Cho Sam Dal / Cho Eun Hye, people in their 40's, single, no child, Add Recommendations, dboy, Photographer Female Lead, Shin_da_som, Reviews, Return To Hometown, Meet Again, Login, Life, Cho Hae Dal, The best drama in every aspect.., Feed, 2, Hometown Cha-Cha-Cha, Cho Yong Pil, When Life Gives You Tangerines, Add Cast, Kang Mi Na in Welcome to Samdal-ri Korean Drama, Shin Hae Sun, Seo Hyun Chul, Kim Mi Kyung in Welcome to Samdal-ri Korean Drama, Discussions, Love Next Door, Childhood Friends' Relationship, Summer Strike, Welcome to Samdal-ri poster, Ko Mi Ja, 웰컴투 삼달리, Other reviews by this user, Friendship, JulySnow2, Childhood Sweethearts, Shin Hae Sun in Welcome to Samdal-ri Korean Drama, Details, 1, View all (124), Shinnosuke_Lee, Edit this Page, 230 users, deidra, Ji Chang Wook, View all, Buy on Amazon, Write Review, Seo Hyun Chul in Welcome to Samdal-ri Korean Drama, View all (131), bokminthe, Town Setting, What was the reason you started watching ""Welcome to Samdal"", Cast, Will Love in Spring, Photos, Welcome to Samdal-ri Korean Drama photo, (Vote tags), Register, Erika Bell, dreamfull78, Romance, Drama, New Topic, Ji Chang Wook in Welcome to Samdal-ri Korean Drama"
55,Big Mouth,"Thriller, Mystery, Law, Drama","Suspense, Death, Investigation, Lawyer Male Lead, Brave Female Lead, Murder, Prison Setting, Wrongfully Accused, Conspiracy, Mistaken Identity (Vote tags)","Jang Young Chul, Oh Choong Hwan, Brave Female Lead, Insider, Lim Yoon A, Thriller, Law, Meng Po, Lawyer Male Lead, Lee Jong Suk in Big Mouth Korean Drama, Death, Kwak Dong Yeon, 빅마우스, 50kg, View all (127), If Jerry is the Big Mouse, then who is Tom?, Murder, Ok Ja Yeon, Edit Translation, Disney+, Pinoy Ares, Investigation, 14, Mistaken Identity, Read More, Recs, Episodes, Kim Joo Heon, Hyun Ju Hui, Kim Joo Heon in Big Mouth Korean Drama, Big Mouth Korean Drama photo, Jerry, Add Recommendations, Let the speculations begin!, Lee Jong Suk, l4verina, Jung Kyung Soon, Reviews, Login, Yang Kyung Won in Big Mouth Korean Drama, Prison Setting, Feed, Kwak Dong Yeon in Big Mouth Korean Drama, Big Mouth Theories Carrd Website, Add Cast, Bae Hyun Jin, IM YourOnlyOne, Disney+ Hotstar, 7, Discussions, Conspiracy, Hulu, One Ordinary Day, Flower of Evil, Other reviews by this user, Vincenzo, Park Chang Ho, 161 users, Kong Ji Hun, Details, Mystery, Edit this Page, Wavve, Choi Do Ha, View all, Buy on Amazon, Write Review, Cast, Suspense, Yang Kyung Won, Photos, Doctor Prisoner, (Vote tags), Wrongfully Accused, Lim Yoon A in Big Mouth Korean Drama, Apple TV, Ko Mi Ho, Register, Big Mouth poster, Mouse, View all (215), Drama, New Topic, Ok Ja Yeon in Big Mouth Korean Drama"
57,See You in My 19th Life,"Comedy, Romance, Drama, Fantasy","Reincarnation, Past Life, Trauma, Death, Adapted From A Webtoon, Childhood Friends' Relationship, First Love, Flashback To Past, Competent Female Lead, Straightforward Female Lead (Vote tags)","Trauma, 이번 생도 잘 부탁해, Netflix, Alchemy of Souls Season 2: Light and Shadow, Past Life, Monicac25, TVING, sunshine, Death, Park So Yi in See You in My 19th Life Korean Drama, Yoon Cho Won, Ahn Bo Hyun in See You in My 19th Life Korean Drama, Fantasy, Rahul Kumar 25, Moon Seo Ha, Edit Translation, Reincarnation, DJE, View all (53), Comedy, Favorite Scene(s) you rewatched more than once, Read More, Cykodramaqueen, Jay, Recs, Episodes, Madaleny, Ahn Dong Goo in See You in My 19th Life Korean Drama, To All the Guys Who Loved Me, mixao, Add Recommendations, Official Sound Track (OST), See You in My 19th Life poster, Reviews, Destined with You, Ban Ji Eum, Login, Ha Yoon Kyung, Feed, 2, See You in My 19th Life Korean Drama photo, Hotel del Luna, Add Cast, Shin Hae Sun, Shaneal211, Discussions, Park So Yi, Lee Na Jung, Their Ages and Age Gaps, Competent Female Lead, Childhood Friends' Relationship, Ahn Dong Goo, Adapted From A Webtoon, Other reviews by this user, Ha Do Yoon, SkyLivesForDrama, 229 users, Shin Hae Sun in See You in My 19th Life Korean Drama, Flashback To Past, Details, Edit this Page, View all, Buy on Amazon, The Beauty Inside, Han Ah Reum, Write Review, COMPLETE WEBTOON WITHOUT SUSCRIPTION-ENJOY, Ha Yoon Kyung in See You in My 19th Life Korean Drama, Does she get reborn as a baby or is she just transferring bodies at random ages when reincarnating?, Official webtoon link, Straightforward Female Lead, KJCTdramafan, Kim Shi Ah, just a girl, Cast, Photos, Kim Shi Ah in See You in My 19th Life Korean Drama, (Vote tags), Choi Young Rim, 0, First Love, Register, Romance, Drama, View all (152), New Topic, Ahn Bo Hyun"
59,The Trauma Code: Heroes on Call,"Action, Comedy, Drama, Medical","Surgeon Male Lead, Hospital Setting, Mentor-Mentee Relationship, Competent Male Lead, Rescue Team, Teamwork, Hardworking Male Lead, Co-workers' Relationship, Doctor Male Lead, Workplace Setting (Vote tags)","Hardworking Male Lead, 중증외상센터, Netflix, Workplace Setting, Rescue Team, Choi Tae Gang, Choi Jo Eun, Co-workers' Relationship, Who is the friend to Yang Jae Won (Choo Young Woo ) eat candy, Edit Translation, Jung Jae Kwang in The Trauma Code: Heroes on Call Korean Drama, Kim Eui Sung in The Trauma Code: Heroes on Call Korean Drama, 222 users, The Trauma Code: Heroes on Call poster, Surgeon Male Lead, Comedy, Read More, Partners for Justice, Park Gyeong Won, Recs, Hospital Setting, Episodes, Cheon Jang Mi, Cora, Mentor-Mentee Relationship, Add Recommendations, Lee Do Yoon, The First Responders, Reviews, Jung Jae Kwang, Login, Noctis, Dr. Romantic Season 3, Code Blue, Kim Eui Sung, Feed, 2, tessby, Add Cast, Choo Young Woo, Yuichin, 7, Discussions, Doctor Male Lead, may, Yoon Kyung Ho, Yoon Kyung Ho in The Trauma Code: Heroes on Call Korean Drama, The Trauma Code: Heroes on Call Korean Drama photo, View all (52), Other reviews by this user, Dr. Romantic, Action, Choo Young Woo in The Trauma Code: Heroes on Call Korean Drama, Details, 9993633, Han Yu Rim, Edit this Page, View all, Buy on Amazon, Write Review, Competent Male Lead, Ju Ji Hoon, Ha Young, Cast, Photos, Teamwork, (Vote tags), Baek Gang Hyeok, Medical, Ha Young in The Trauma Code: Heroes on Call Korean Drama, Ghost Doctor, Register, Doctor Baek is based on a real life doctor, Lee Guk-Jong!, View all (49), Ju Ji Hoon in The Trauma Code: Heroes on Call Korean Drama, Drama, New Topic, Yang Jae Won"
