Rank,Title,Native Title,Genres,Tags,Where to Watch
1,Single’s Inferno,솔로지옥 시즌1,Romance,"Dating Show, Reality Show, Multiple Couples, Competition, Island Setting, Seaside Setting, Summer Setting, Friendship (Vote tags)",Netflix
2,Young Actors' Retreat,청춘MT,Comedy,"Teamwork, Variety Show, Outdoor Variety Show, Reality Show, Friendship (Vote tags)",
3,Single’s Inferno Season 2,솔로지옥 시즌2,Romance,"Dating Show, Multiple Couples, Reality Show, Summer Setting, Island Setting, Seaside Setting, Competition, Friendship (Vote tags)",Netflix
4,Single’s Inferno Season 3,솔로지옥 시즌3,Romance,"Blind Dating, Summer Setting, Island Setting, Seaside Setting, Dating Show, Multiple Couples, Competition, Reality Show, Friendship (Vote tags)",Netflix
5,Physical: 100,피지컬: 100,Sports,"Survival Show, Competition, Wrestling, Reality Show (Vote tags)",Netflix
6,Run BTS! 2022 Special Episode: Telepathy,달려라 방탄 2022 Special Episode 텔레파시,Comedy,"Pop Music, K-Pop, Variety Show, BTS (Vote tags)",
7,BTS in the Soop Season 2,인더숲BTS편 시즌2,"Adventure, Comedy, Life, Youth","Healing, BTS, Reality Show, Friendship, K-Pop, Pop Music, Vacation Setting, Travel Show (Vote tags)",
8,BTS in the Soop Season 2: Behind The Scene,,"Adventure, Comedy, Life, Youth","Pop Music, Vacation Setting, Healing, K-Pop, Travel Show, BTS, Reality Show, Friendship (Vote tags)",
9,Are You Sure?!,이게 맞아?!,"Adventure, Documentary","Variety Show, Travel Show, BTS, Friendship, Food, Vacation Setting, Family (Vote tags)",Disney+
10,Kingdom: Legendary War,킹덤: 레전더리 워,Music,"Competition, ATEEZ, IKON, SF9, Stray Kids, BTOB, Survival Show, The Boyz, Pop Music, LA POEM (Vote tags)",Viki
11,Run BTS! 2023 Special Episode: Mini Field Day,달려라 방탄! 2023 특집 - 미니 운동회,"Music, Comedy, Sports, Documentary","BTS, Friendship, Variety Show, K-Pop, Pop Music, Game Show (Vote tags)",
12,Boys Planet,보이즈 플래닛,Music,"Singing, K-Pop, Survival Show, Dance, Pentagon, Pop Music, ZeroBaseOne, Idol Show, EVNNE, XODIAC (Vote tags)","Viki, TVING"
13,The Devil's Plan,데블스 플랜,"Psychological, Comedy","Game Show, Variety Show, Survival Show, SEVENTEEN, Competition (Vote tags)",Netflix
14,His Man,남의연애 시즌1,"Romance, Life","Gay Romance, Dating Show, Reality Show, LGBTQ+, Vacation Setting, Matchmaking, Coming Out, Cohabitation, Love Square, Variety Show (Vote tags)","Viki, Netflix, iQiyi"
15,Nineteen to Twenty,19/20,"Romance, Life, Youth","School Setting, Housemates' Relationship, Cohabitation, Coming Of Age, Dating Show, Reality Show, Friendship (Vote tags)",Netflix
16,Jinny's Kitchen,서진이네,"Food, Adventure, Business","Restaurant Setting, Filmed Abroad, Friendship, Restaurant Management, Cooking Show, Variety Show, Travel Show, BTS, Reality Show (Vote tags)",TVING
17,Let's BTS,2021 스페셜 토크쇼 'Let’s BTS',"Music, Comedy","Pop Music, K-Pop, BTS, Talk Show (Vote tags)",Viki
18,In The Soop: Friendcation,인더숲: 우정여행,"Adventure, Comedy, Life","Reality Show, Travel Show, Friendship, BTS (Vote tags)",Disney+
19,Single’s Inferno Season 4,솔로지옥 시즌4,Romance,"Dating Show, Island Setting, Seaside Setting, Multiple Couples, Blind Dating, Summer Setting, Matchmaking, Competition, Reality Show, Friendship (Vote tags)",Netflix
20,Busted Season 3,범인은 바로 너! 3,"Mystery, Comedy","Murder, Game Show, Investigation, Hidden Agenda, EXO, Teamwork, Hidden Identity, Death, Corruption, Revenge (Vote tags)",Netflix
21,His Man Season 2,남의연애 시즌2,Romance,"LGBTQ+, Dating Show, Reality Show, Gay Romance, Matchmaking (Vote tags)","Wavve, Netflix, iQiyi"
22,Run BTS! 2023 Special Episode: Next Top Genius,달려라 방탄! 2023 스페셜 에피소드 - 넥스트 탑 지니어스,"Music, Comedy, Documentary","Pop Music, K-Pop, Variety Show, BTS, Friendship (Vote tags)",
23,Seventeen in the Soop,인더숲 SEVENTEEN편,"Adventure, Comedy","Pop Music, Vacation Setting, SEVENTEEN, Road Trip, K-Pop, Variety Show, Travel Show, Friendship (Vote tags)",Kocowa
24,Nana Tour with Seventeen,나나투어-세븐틴,"Adventure, Comedy","Pop Music, SEVENTEEN, K-Pop, Travel Show, Reality Show, Friendship (Vote tags)","Viki, Kocowa, TVING"
25,Single’s Inferno Season 5,솔로지옥 시즌5,Romance,"Blind Dating, Matchmaking, Dating Show, Multiple Couples, Competition, Reality Show, Friendship (Vote tags)",Netflix
26,Run BTS! 2022 Special Episode: Fly BTS Fly,Run BTS! 2022 Special Episode: Fly BTS Fly,"Comedy, Sports","Yoga, Variety Show, BTS (Vote tags)",
27,Seventeen in the Soop Season 2,인더숲 SEVENTEEN편 시즌2,"Adventure, Comedy","Pop Music, Vacation Setting, SEVENTEEN, Road Trip, Healing, K-Pop, Variety Show, Travel Show, Friendship (Vote tags)","Viki, Kocowa"
28,Culinary Class Wars,흑백요리사: 요리 계급 전쟁,"Food, Life","Cooking Show, Survival Show, Competition (Vote tags)",Netflix
29,Physical: 100 Season 2 - Underground,피지컬: 100 시즌2 - 언더그라운드,Sports,"Survival Show, Competition (Vote tags)",Netflix
30,EXO Arcade Season 2,보여줄게 EXO - 엑소오락관 시즌2,Comedy,"Pop Music, EXO-CBX, EXO, K-Pop, Variety Show, Competition, Reality Show, Game Show, Friendship (Vote tags)",
31,BTS Monuments: Beyond the Star,BTS MONUMENTS: BEYOND THE STAR,"Music, Documentary","Pop Music, Interview, K-Pop, BTS (Vote tags)",Disney+
32,Suchwita,슈취타,"Food, Music, Comedy","Talk Show, Drinking, BTS, Epik High, Big Bang, Tomorrow X Together, CNBLUE, SEVENTEEN, SHINee (Vote tags)",
33,Run BTS! 2022 Special Episode: 'Run BTS TV' On-air,달려라 방탄! 2022년 특집 - 'RUN BTS TV' 온에어,"Music, Comedy, Documentary","Pop Music, K-Pop, Variety Show, BTS, Friendship (Vote tags)",
34,Elite League,대학전쟁,"Psychological, Life","School Setting, Battle, Teamwork, University, Mathematics, Survival Show, Competition, Reality Show, Game Show (Vote tags)",
35,Nana Tour with Seventeen Uncut,나나투어-세븐틴 Uncut,"Adventure, Music, Comedy","SEVENTEEN, Variety Show, Travel Show, Friendship (Vote tags)",
36,Agents of Mystery,미스터리 수사단,"Thriller, Mystery, Supernatural","Investigation, Submarine Setting, Cult, Aespa, Girl's Day, Reality Show, Game Show, Suspense (Vote tags)",Netflix
37,Girls Planet 999,걸스 플래닛 999,Music,"K-Pop, Kep1er, Girls' Generation (SNSD), Survival Show, Cherry Bullet, Bvndit, WONDER GIRLS, CLC, Singing, Dance (Vote tags)","TVING, iQiyi"
38,Zombieverse,좀비버스,"Mystery, Horror, Comedy, Sci-Fi","Supernatural Being, Survival, Variety Show, Investigation, Supernatural, Zombies, Suspense (Vote tags)",Netflix
39,EXchange Season 2,환승연애 시즌2,"Romance, Life","Ex-couple Relationship, Girl's Day, Lovers Reunited, Victon, Break Up, GOT7, Cohabitation, Dating Show, Variety Show, Reality Show (Vote tags)",TVING
40,EXchange,환승연애,"Romance, Life","Dating Show, Reality Show, Rooftop Moonlight, Ex-couple Relationship, Uniq, X1, Girl's Day, Lovers Reunited, The Boyz, Break Up (Vote tags)",TVING
41,BTS Dinner Party (2022),BTS (방탄소년단) ‘찐 방탄회식’,"Music, Life","Pop Music, K-Pop, BTS, Friendship (Vote tags)",
42,Better Late than Single,모태솔로지만 연애는 하고 싶어,Romance,"Cohabitation, Dating Show, Variety Show, First Love, Reality Show, Friendship (Vote tags)",Netflix
43,Cityboy_Log,CITYBOY_LOG,"Romance, Youth","Gay Romance, Vlogging, LGBTQ+, Long Time Friends, Web Series, Difficult Adulthood, Share House Setting, T.A.N, Gay Male Lead, Gay Supporting Character (Vote tags)",
44,Sixth Sense Season 2,식스센스2,"Mystery, Comedy","Investigation, Variety Show, Lucky J, Lovelyz, Mamamoo, EXO, 2PM, Family Relationship, SHINee, Outdoor Variety Show (Vote tags)",
45,His Man Season 3,남의연애 시즌3,"Romance, Life","Gay Romance, Matchmaking, LGBTQ+, Dating Show, Reality Show (Vote tags)","Wavve, Netflix, iQiyi"
46,The Devil’s Plan Death Room,데블스 플랜: 데스룸,"Thriller, Psychological, Comedy","Loona, Super Junior, Variety Show, Survival Show, Competition, Game Show, Suspense (Vote tags)",Netflix
47,New World,신세계로부터,"Adventure, Comedy","Reality Show, K-Pop, Pop Music, Vacation Setting, Island Setting, Sechs Kies, EXO, Teamwork, Loona, Super Junior (Vote tags)",Netflix
48,Rented in Finland,핀란드 셋방살이,"Comedy, Life","Rural Life, Filmed Abroad, Reality Show, Outdoor Variety Show, Village Setting, Astro, Variety Show (Vote tags)",Viki
49,Boys II Planet,보이즈 2 플래닛,Music,"Pop Music, EASTSHINE, WHIB, AMPERS&ONE, Izna, ZeroBaseOne, XODIAC, BLANK2Y, NINE.i, 1THE9 (Vote tags)",Viki
50,2021 BTS Winter Package,2021 BTS Winter Package,"Adventure, Music, Comedy","Pop Music, K-Pop, Travel Show, BTS (Vote tags)",
51,Street Woman Fighter,스트릿 우먼 파이터,"Music, Sports","Teamwork, Dance, Survival Show, Competition, Lucky J, WONDER GIRLS, I.O.I, 2AM, Street Dance, Weki Meki (Vote tags)",TVING
52,Kian's Bizarre B&B,대환장 기안장,"Food, Business, Comedy, Life","Cooking Show, Variety Show, BTS, Reality Show (Vote tags)",Netflix
53,EXchange Season 3,환승연애 시즌3,"Romance, Life","WJSN THE BLACK, Ex-couple Relationship, WEi, X1, Lovers Reunited, Break Up, Cohabitation, Dating Show, Variety Show, Reality Show (Vote tags)",TVING
54,Apartment 404,아파트404,"Mystery, Comedy","Apartment Setting, DickPunks, Tomorrow X Together, BLACKPINK, Teamwork, Variety Show, Outdoor Variety Show, Game Show, Investigation (Vote tags)",TVING
55,Vincenzo: Special,빈센조,Documentary,"Behind The Scenes, Interview (Vote tags)",
56,Physical: Asia,피지컬: 아시아,Sports,"Survival Show, Competition, Teamwork, Mixed Martial Arts, Rivalry, Wrestling, Leadership, Boxing, Tournament, Reality Show (Vote tags)",Netflix
57,Peak Time,피크타임,Music,"Music Show, Survival Show, DKB, Variety Show, BLITZERS, Competition, K-Pop, The Boss (DGNA), VANNER, BAE173 (Vote tags)",Viki
58,Hospital Playlist Goes Camping,슬기로운 캠핑생활,"Food, Comedy, Life","Camping, Healing, Cooking Show, Variety Show, Reality Show, Game Show, Friendship (Vote tags)",
59,Jinny's Kitchen Season 2,서진이네 시즌2,"Food, Adventure, Business","Cooking Show, Filmed Abroad, Restaurant Management, Variety Show, Travel Show (Vote tags)",
60,Culinary Class Wars Season 2,흑백요리사: 요리 계급 전쟁 시즌2,"Food, Comedy","Cooking Show, Variety Show, Survival Show, Competition (Vote tags)",Netflix
61,My Sibling's Romance,연애남매,"Romance, Life","Cohabitation, Dating Show, Multiple Couples, Variety Show, Bromance, Reality Show, Friendship (Vote tags)","Viki, Kocowa, Wavve"
62,The Penthouse: Hidden Room - Hidden Story,펜트하우스 히든룸 - 숨겨진 이야기,Documentary,"Behind The Scenes, Interview (Vote tags)",
63,Nana bnb with Seventeen,나나민박 with 세븐틴,"Adventure, Comedy","Pop Music, SEVENTEEN, K-Pop, Reality Show, Friendship (Vote tags)",Kocowa
64,Queendom Season 2,퀸덤2,Music,"Survival Show, Competition, VIVIZ, Brave Girls, Kep1er, Cosmic Girls (WJSN), Loona, K-Pop, Music Show, Reality Show (Vote tags)",Viki
65,Camp ZeroBaseOne,캠프 제로베이스원,Music,"ZeroBaseOne, K-Pop, Reality Show, Friendship, Pop Music, Village Setting (Vote tags)",Viki
66,Siren: Survive the Island,사이렌: 불의 섬,"Action, Sports","Island Setting, C.T.F (Capture The Flag), Teamwork, Survival Show, Competition (Vote tags)",Netflix
67,Change Days Season 2,체인지 데이즈 시즌2,Romance,"KARA, Break Up, Matchmaking, Dating Show, Multiple Couples, Reality Show (Vote tags)",Netflix
68,Merry Queer,메리퀴어,"Romance, Life","Gay Romance, Gay Relationship, LGBTQ+, EXID, Matchmaking, Coming Out, Dating Show, Variety Show, Reality Show (Vote tags)",Viki
69,I-LAND Season 2: N/a,아이랜드2,Music,"Survival Show, Pop Music, Izna, ZeroBaseOne, Big Bang, Singing, K-Pop, Dance, Competition (Vote tags)","Viki, iQiyi"
70,Street Woman Fighter Season 2,스트릿 우먼 파이터 시즌2,"Music, Sports","Dynamic Duo, LE SSERAFIM, VIVIZ, Choreographing, Aespa, Street Dance, WayV, SuperM, NCT 127, NCT U (Vote tags)",
71,Our Beloved Summer: The Movie,그 해 우리는 : 더 무비,Documentary,"Behind The Scenes, Interview (Vote tags)",
72,Three Meals a Day: Doctors,슬기로운 산촌생활,"Food, Comedy, Life","Countryside Setting, Farming, Healing, Cohabitation, Cooking Show, Variety Show, Friendship (Vote tags)",
73,Sixth Sense Season 3,식스센스3,"Mystery, Comedy","Lucky J, Koyote, Lovelyz, Oh My Girl, Girls' Generation (SNSD), Wanna One, Family Relationship, Variety Show, Outdoor Variety Show, Game Show (Vote tags)",
74,EXchange Season 4,환승연애 시즌4,"Romance, Life","Ex-couple Relationship, Break Up, Cohabitation, Dating Show, Variety Show, Reality Show, Friendship (Vote tags)",TVING
75,Youn's Stay,윤스테이,"Food, Comedy, Life","Vacation Setting, Guest House Setting, Korean Cuisine, Drinking, Korean Culture, Variety Show, Reality Show, Game Show, Friendship (Vote tags)",
76,GBRB: Reap What You Sow,콩 심은 데 콩 나고 팥 심은 데 팥 난다,"Comedy, Documentary","Agriculture Industry, Best Friends' Relationship, Video Diary, Farming, EXO, Variety Show, Outdoor Variety Show, Friendship (Vote tags)",TVING
77,Unexpected Business,어쩌다 사장 시즌1,"Food, Business, Comedy, Life","Supermarket Setting, Village Setting, Countryside Setting, Snowy Setting, Family Relationship, Cooking Show, Variety Show, Reality Show, Friendship (Vote tags)",
78,Love Alarm Clap! Clap! Clap!,좋아하면 울리는 짝!짝!짝!,Romance,"Dating App, Matchmaking, B1A4, Loona, LGBTQ+, Dating Show, Multiple Couples, Variety Show, Survival Show, Competition (Vote tags)",
79,Love Catcher in Bali,러브캐처 인 발리,Romance,"Island Setting, WEi, X1, Cohabitation, Dating Show, Multiple Couples, Variety Show, Survival Show, Competition, Reality Show (Vote tags)",TVING
80,To My Star: Making Film,나의 별에게 Making Film,Documentary,Behind The Scenes (Vote tags),Viki
81,HyeMiLeeYeChaePa,혜미리예채파,"Food, Adventure, Music, Comedy","Vacation Setting, NWX (New Wave CreatorX), LE SSERAFIM, Girl's Day, IZ*ONE, I-dle, Singing, Dance, Cooking Show, Travel Show (Vote tags)",Viki
82,Sea of Hope,바라던 바다,"Food, Music, Comedy, Life","Healing, Reality Show, Friendship, AKMU, BLACKPINK, SHINee, Singing, Environmental Issues, Scuba Diving, Environment Contamination (Vote tags)",
83,The Zone: Survival Mission,더 존: 버텨야 산다 시즌1,"Mystery, Comedy","Survival, Variety Show, Game Show, Girls' Generation (SNSD), Investigation (Vote tags)","Disney+, Hulu"
84,High School Mystery Club,여고추리반,"Adventure, Thriller, Mystery, Comedy","Investigation, Teamwork, Suspense, School Club, Friendship, School Setting, Investigator Female Lead, Peer Pressure, School Violence, IZ*ONE (Vote tags)",TVING
85,Earth Arcade,뿅뿅 지구오락실 시즌1,"Action, Adventure, Comedy","Game Show, Variety Show, Ive (Group), IZ*ONE, Oh My Girl, Reality Show (Vote tags)",
86,Street Man Fighter,스트릿 맨 파이터,"Music, Sports","Dance, Survival Show, Competition, JBJ, Big Star (Group), Hotshot, Block B, INFINITE, Teamwork, 2PM (Vote tags)",
87,BTS MBTI Lab,방탄소년단,"Business, Comedy, Documentary","Mbti, Personality Change, Family Relationship, BTS, Friendship (Vote tags)",
88,Pink Lie,핑크라이,Romance,"Super Junior, Dating Show, Variety Show, Reality Show (Vote tags)","Disney+, Hulu"
89,The Influencer,더 인플루언서,Life,"Lifestyle Show, Survival Show, Competition, Game Show (Vote tags)",Netflix
90,Mouse: Restart,마우스 SP,Documentary,Behind The Scenes (Vote tags),
91,Zombieverse: New Blood,좀비버스 시즌2,"Action, Thriller, Comedy, Sci-Fi","Zombie Apocalypse, Evacuation, Escaping, Supernatural Being, Survival, Variety Show, Apocalypse, Supernatural, Zombies, Suspense (Vote tags)",Netflix
92,The Penthouse 2: Hidden Room - An Unfinished Story,펜트하우스 II 히든룸 - 끝나지 않은 이야기,Documentary,Behind The Scenes (Vote tags),
93,Project 7,프로젝트7,Music,"Survival Show, Competition, CLOSE YOUR EYES, ARrC, Pop Music, Celest1a, PICKUS, Fantasy Boys, Kairos, I.B.I (Vote tags)",Viki
94,My Name Is Gabriel,마이 네임 이즈 가브리엘,"Adventure, Life, Documentary","Davichi, Variety Show, Travel Show, Reality Show (Vote tags)",Hulu
95,My Teenage Boy: Fantasy Boys,방과 후 설레임 시즌 2: 소년 판타지,Music,"Pop Music, Hip Hop Music, Celest1a, Fantasy Boys, Kairos, X-Time, XODIAC, STARSHIPZ, Mu Ji Shao Nian, Ciipher (Vote tags)",Viki
96,Korea No. 1,코리아넘버원,"Food, Adventure, Comedy, Life","Lifestyle Show, Cultural Heritage, Variety Show, Travel Show, Competition, Reality Show (Vote tags)",Netflix
97,Eden,"에덴, 본능의 후예들",Romance,"Summer Setting, Beach Setting, Seaside Setting, Apink, F.T. Island, Dating Show, Multiple Couples, Competition, Reality Show, Friendship (Vote tags)","Viki, Wavve"
98,Good Day,굿데이,"Music, Comedy","Variety Show, Big Bang, Pop Music, Aespa, ZE:A, 2NE1, Day6, SEVENTEEN, K-Pop, Friendship (Vote tags)",iQiyi
99,Single's Inferno Reunion,솔로지옥 리유니언,Romance,"Dating Show, Reality Show, Friendship (Vote tags)",Netflix
100,His Man Season 4,남의연애 시즌4,"Romance, Life","Gay Romance, Matchmaking, LGBTQ+, Dating Show, Reality Show (Vote tags)","Wavve, Netflix, iQiyi"
