search_day,rank,singer,title
20060423,1,손호영(SHY),운다
20060423,2,이승기,제발
20060423,3,넬(NELL),마음을 잃다
20060423,4,코요태,I Love Rock & Roll
20060423,5,브라운 아이드 걸스,The Day
20060423,6,거북이,비행기
20060423,7,박정아,Yeah
20060423,8,엠씨더맥스 (M.C the MAX),사랑을 찾아서
20060423,9,이정(J.Lee),그댈 위한 사랑
20060423,10,간미연,옛날 여자
20060423,11,씨야(SeeYa),미친 사랑의 노래
20060423,12,싸이 (PSY),연예인
20060423,13,환희,Tomorrow
20060423,14,이문세,알 수 없는 인생
20060423,15,임재범,가로수 그늘 아래 서면
20090322,1,SUPER JUNIOR (슈퍼주니어),"쏘리 쏘리 (Sorry, Sorry)"
20090322,2,다비치,8282
20090322,3,에이트(8Eight),심장이 없어
20090322,4,임창정,오랜만이야
20090322,5,2am,친구의 고백
20090322,6,다비치,사고쳤어요
20090322,7,프리스타일(Free Style),마음으로 하는 말 (feat. Hanyi)
20090322,8,이은미,헤어지는 중입니다
20090322,9,휘성(Realslow),Insomnia (불면증)
20090322,10,김종국,행복병 (feat. Shorry J Of MM)
20090322,11,보아 (BoA),I Did It For Love (feat. Sean Garrett)
20090322,12,카라(Kara),Honey (허니)
20090322,13,SS501,애인 만들기
20090322,14,소녀시대 (GIRLS' GENERATION),Gee
20090322,15,럼블 피쉬(Rumble Fish),한사람을 위한 마음
20090322,16,김현중,행복이란
20090322,17,박화요비,반쪽
20090322,18,스윗소로우(SWEET SORROW),그대에게 하는 말
20090322,19,SE7EN,Girls (feat. Lil Kim)
20090322,20,플라이 투 더 스카이,구속
20090322,21,임창정,원하던 안 원하던
20090322,22,FTISLAND (FT아일랜드),나쁜 여자야
20090322,23,태사비애,"어쩌다 널 (duet with 비너스, 드림걸스)"
20090322,24,A & T,가슴이 어떻게 됐나봐
20090322,25,애프터 스쿨(After School),AH
20090322,26,리치(Rich),힘들어
20090322,27,주현미,짜라자짜 (feat. 다비치)
20090322,28,에이스타일(A'Star.1),아쉬운 마음인걸
20090322,29,티맥스(T-Max),Wish Ur My Love (With J)
20090322,30,서문탁,너무 많은...
20090322,31,서태지,Juliet
20090322,32,다비치,사랑이 우습니
20220311,1,박재범,GANADARA (Feat. 아이유)
20220311,2,태연 (TAEYEON),INVU
20220311,3,멜로망스(MeloMance),사랑인가 봐
20220311,4,박봄 (Park Bom),꽃 (With 김민석 of 멜로망스)
20220311,5,MSG워너비(M.O.M),듣고 싶을까
20220311,6,STAYC(스테이씨),RUN2U
20220311,7,폴킴(Paul Kim),어제처럼
20220311,8,백예린 (Yerin Baek),너머 (The Other Side)
20220311,9,태연 (TAEYEON),Weekend
20220311,10,태연 (TAEYEON),어른아이 (Toddler)
20220311,11,GAYLE,abcdefu
20220311,12,태연 (TAEYEON),그런 밤 (Some Nights)
20220311,13,원슈타인,존재만으로
20220311,14,적재,"손을 잡는다거나, 같이 걷는다거나"
20220311,15,YENA (최예나),SMILEY (Feat. BIBI)
20220311,16,이세계아이돌,겨울봄
20220311,17,Kelly Clarkson(켈리 클락슨),Stronger (What Doesn't Kill You)
20220311,18,IVE (아이브),ELEVEN
20220311,19,김민석 (멜로망스),취중고백
20220311,20,태연 (TAEYEON),Set Myself On Fire
20220311,21,태연 (TAEYEON),Can't Control Myself
20220311,22,아이유(IU),드라마
20220311,23,GOT the beat,Step Back
20220311,24,임영웅,사랑은 늘 도망가
20220311,25,NMIXX,O.O
20220311,26,개코,새벽을 믿지 말자
20220311,27,이예준,내 생에 아름다운
20220311,28,에픽하이 (EPIK HIGH),그래서 그래 (Feat. 윤하)
20220311,29,비투비,노래 (The Song)
20220311,30,케이시,언제나 사랑해
20220311,31,태일 (TAEIL),Starlight
20220311,32,aespa,Next Level
20220311,33,The Kid LAROI,STAY
20220311,34,aespa,Dreams Come True
20220311,35,아이유(IU),strawberry moon
20220311,36,sokodomo,"회전목마 (Feat. Zion.T, 원슈타인) (Prod. Slom)"
20220311,37,경서예지,다정히 내 이름을 부르면
20220311,38,이무진,신호등
20220311,39,비비(BIBI),우리가 헤어져야 했던 이유
20220311,40,10CM,서랍
20220311,41,Charlie Puth(찰리 푸스),Light Switch
20220311,42,방탄소년단,Dynamite
20220311,43,비비(BIBI),"아주, 천천히"
20220311,44,VIVIZ (비비지),BOP BOP!
20220311,45,프로미스나인,DM
20220311,46,아이유(IU),겨울잠
20220311,47,아이유(IU),라일락
20220311,48,aespa,Savage
20220311,49,BE'O (비오),Counting Stars (Feat. Beenzino)
20220311,50,휘인(Whee In),"너, 너 (N번째 연애 X 휘인 (Whee In))"
20220311,51,BE'O (비오),리무진 (Feat. MINO) (Prod. GRAY)
20220311,52,Megan Thee Stallion(메건 더 스탤리언),Sweetest Pie
20220311,53,방탄소년단,Butter
20220311,54,Imagine Dragons(이매진 드래곤스),Bones
20220311,55,방탄소년단,Permission to Dance
20220311,56,아이유(IU),Celebrity
20220311,57,선예,대낮에 한 이별
20220311,58,이무진,눈이 오잖아(Feat.헤이즈)
20220311,59,지효 (TWICE),Stardust love song
20220311,60,V,Christmas Tree
20220311,61,샘김(Sam Kim),여름비
20220311,62,주시크 (Joosiq),너를 생각해
20220311,63,Coldplay(콜드플레이),My Universe
20220311,64,BE'O (비오),문득
20220311,65,탑현,호랑수월가
20220311,66,AKMU(악뮤),낙하 (with 아이유)
20220311,67,Ed Sheeran(에드 시런),Bad Habits
20220311,68,먼데이 키즈,너 아니면 안돼
20220311,69,카더가든,꽃말
20220311,70,노을,잊을 수 있을까
20220311,71,MSG워너비(M.O.M),바라만 본다
20220311,72,Kep1er (케플러),WA DA DA
20220311,73,베이식(Basick),만남은 쉽고 이별은 어려워 (Feat. Leellamarz) (Prod. TOIL)
20220311,74,아이유(IU),Blueming
20220311,75,폴킴(Paul Kim),"모든 날, 모든 순간 (Every day, Every Moment)"
20220311,76,Sam Ryder,Tiny Riot
20220311,77,Justin Bieber(저스틴 비버),Off My Face
20220311,78,Red Velvet (레드벨벳),Queendom
20220311,79,태연 (TAEYEON),Timeless
20220311,80,성시경,너의 모든 순간
20220311,81,디핵(D-Hack),OHAYO MY NIGHT
20220311,82,자우림(Jaurim),"스물다섯, 스물하나"
20220311,83,도겸,Go!
20220311,84,엔하이픈 (ENHYPEN),Polaroid Love
20220311,85,먼데이 키즈,이젠 친구에서 연인이 되고 싶어
20220311,86,AKMU(악뮤),"어떻게 이별까지 사랑하겠어, 널 사랑하는 거지"
20220311,87,김기태,너무 아픈 사랑은 사랑이 아니었음을
20220311,89,헤이즈(Heize),헤픈 우연
20220311,90,Justin Bieber(저스틴 비버),"Peaches (feat. Daniel Caesar, Giveon)"
20220311,91,김나영,이별후회
20220311,92,Apink (에이핑크),Dilemma
20220311,93,TREASURE(트레저),직진 (JIKJIN)
20220311,94,이세계아이돌,RE : WIND
20220311,95,태연 (TAEYEON),Siren
20220311,96,오마이걸(OH MY GIRL),Dun Dun Dance
20220311,97,TREASURE(트레저),다라리 (DARARI)
20220311,98,규현 (KYUHYUN),Promise You
20220311,99,Ed Sheeran(에드 시런),Shivers
20220311,100,빅마마(Big Mama),아무렇지 않은 척
