제목,링크
"AI로 다국어 영상 제작, 글로벌 확장 전략",https://ader.naver.com/v1/Epe7tPhTkkcUOAx75pfDGCmtSW-7TPi5zxkQqtCJgHLl56gAeg7ybgtnKcEekVvQG0xs9Csy41iLrW3zo_-DASJ3WVpFaxGg_IX96LoKi0ayzzPairgHOWG38XL6HjmlwlW3nT5uC10XWsSZiWun-1MB_UP622khoDT-nFzXb3pqbDqjXwvcn46CUw4ScGT12JLKUXoU3BXffSfc4E-FQ6X_avW6z95Ic0fxua9aoH6a7LKTzQNpw1UGiHLF2XCcLOSKAKVq1ihZSCvidNC8t2DRPIMnxhjsx8BDaM0mXm4=?c=naver.search.pc.tab.blog.pwc&t=0
기업영상 제작 AI 아나운서 국내 해외 아바타,https://ader.naver.com/v1/9OIc6d4lIlL-LBNdPgW18yJqeEpLd0G-mfsVcRi2TpPgDSYqTpJwLgLNOWMZF4u2MgcbRGc6smO_f-LJ0fHwLeqpkh1AcCcAZD_UgQ3BtMSYoEGhO-G5bemZ6rf4vyNgF6xsUs0Jaxd_HfKb_hEJyMALBIRO0BsUZQaWdaPFmHqK53JKAXUw5eSn46XYiIT-yFNs0cfMrBE2VphJZp_Mt78h7FbK8HDPGTIDKm_vcIk3QjnfdFOlL9vWHcNR7pLc0bfTY8IQrq_bmzIKiXmqdxabWeclBtZ7qnd2IodV19txBlJw7G0Fp6Eu-h0Vfg2miWVXZRL7ae_xktSIejURtw==?c=naver.search.pc.tab.blog.pwc&t=0
"퓨리오사AI 관련주, 진짜 대장주 공개",https://blog.naver.com/press02/224255035854
서울AI학원 실습 환경과 수업 내용,https://blog.naver.com/xshinerx/224254786872
AI는 이미 우리 저녁 식탁에 앉아 있다,https://blog.naver.com/minpro/224254016060
천안AI학원 효율적인 포토샵 실무 과정,https://blog.naver.com/dmsdud0395/224253486299
AI학원 체계적인 취업연계과정,https://blog.naver.com/lazuh/224244035380
헤드헌터가 알려주는 AI 인재 선별기준,https://ader.naver.com/v1/Epe7tPhTkkcUOAx75pfDGCmtSW-7TPi5zxkQqtCJgHJNzqaOFk56hMSQiRE_MO8dy4jnqXBR-8s16XpIxiIhKnFkIBI6m1qM0Nj78uX67ov45g-ZPrm1FWjY8sKFaOu0T10hPBPMGpgRKY-RXYdaeDxDjdOSBTLvpbQKI9nTxxRHHEvPg23tiydXNdkYOGC3cZiZWk6U9bxU_0ul4-tpVzc1jrkZk-D9ZHIrj1QjnO-_tT_Vnajm-NiyY9eBaYn92nY0gKvjzmeMKeGpg47NnhTQR8PJdZWO_RKiX7-K4zw=?c=naver.search.pc.tab.blog.pwc&t=0
AI가 코딩까지? 개발자가 살아남는 법 4가지 전략,https://ader.naver.com/v1/Epe7tPhTkkcUOAx75pfDGCmtSW-7TPi5zxkQqtCJgHJresv6gkV5js8V2WU_7J8wA9ud-mfxv5fHYpigMlGHQjYs6SR9D9b0KU1aw2sC_thPA6MbA2qIxkK-wZbZbrnv-hXJQ5Day8d3ObGwSqORTJpB9xFAc0esZh7Ho91tkBdVZle5rnGncx-JJaPsQyB5yW53Ss2m7PIRi8WA41dOiYyq84uq-N1JPnz89IR70ncDmI5pcdIFPRXI4jC6FwWaUo4TRHlQhopO4_i_xBJ6TflJLFAjvdvPnTCq6SdOF2s=?c=naver.search.pc.tab.blog.pwc&t=0
AI학원 실무 포트폴리오 교육과정,https://blog.naver.com/naraebaragi/224226780210
AI영어 맥스AI(MAX AI) 선택했어요,https://blog.naver.com/certification_tiger/224244917560
망고보드 AI 상세페이지 제작 템플릿,https://blog.naver.com/yonseiqueen/224252771067
AI학원 구체적인 취업연계과정,https://blog.naver.com/seojhye75/224250928217
AI학원 상세한 취업연계과정,https://blog.naver.com/icandothat-/224235648947
고물가 시대 AI 가격 구조 이해하기,https://ader.naver.com/v1/Epe7tPhTkkcUOAx75pfDGCmtSW-7TPi5zxkQqtCJgHJEROdhyoIfIsyYWnDU5PDmSJcrZ2iDVrsq53zNWltQVVSqsq9X-xO9je2rzBq700LOwjHIY8MEnE3Kd0ClA_tcIO4pW3E8s7oQBpeIoB0-P7ZL0jCMFKZO3BK1bhB7OnN8FGJ9Kak8_4M-vdg-bGiH-8C4In2cb22ziK6iffXViowpxKKwG6W-l9sjGqSoIOEjoHaAIrA0Gh1B_Z3yiG9LK9q-40AskZS_UJ5DVy4_2cl1xRRnjANcwDdLLhzAAvFeiFJrvn3hI5vV-iIYYSdG?c=naver.search.pc.tab.blog.pwc&t=0
Physical AI 기반 로봇 자동화 솔루션,https://ader.naver.com/v1/Epe7tPhTkkcUOAx75pfDGCmtSW-7TPi5zxkQqtCJgHJDrG6ePqBoyVWIa6LjATBp92lrpO7hJkhVuBl_WmpLzREqbZw_0ZEGukrcVM64OWPar4VUQJebYHOv6aIovFSsEJKYuD2OOvdjL8JVQVgfjKHsjLSJ2B0uyaMgZXiAwo_ROoZjKL3vi724nPrLnI4ewV9_72I4RZvALN8HaJ_M0vDvrT3hSvcYQ5GPSuVLMfdqvxry1CE7STjIIOZu3WsWVl7LKeShAZmZBDwTWuh7nwqXrxLZq52V-yI0wsKCP7I=?c=naver.search.pc.tab.blog.pwc&t=0
"구글 AI 엣지 갤러리, 젬마4 탑재",https://blog.naver.com/ribis9/224251843742
젠스파크 AI Genspark 유료 가이드,https://blog.naver.com/babohyunjoo/224253301048
26.03.24 단상 - Agentic AI와 이란 전쟁,https://blog.naver.com/68083015/224228580684
AI 에이전트 필수 용어 정리,https://blog.naver.com/jhc_log/224244957829
클로드 ai 가격 할인 방법과 요금제 정리,https://blog.naver.com/obama8775/224252948821
지텍 AI 노트북/태블릿-ISR 드론 솔루션의 핵심,https://ader.naver.com/v1/Epe7tPhTkkcUOAx75pfDGCmtSW-7TPi5zxkQqtCJgHLl56gAeg7ybgtnKcEekVvQG0xs9Csy41iLrW3zo_-DAX4FZrhApTF3EPWJqlsvM8XKaqhgcbpBnDTHryQkLEfEyhqu-nzNf1iTdi61mQZ7stDLscT-a_iQqvwlVAP03cuRY8KQeANp-evPPUTb-tbC5UXAXWJ8VeCKABAA8XMKzE9WIz1SQsoCfAN3MuqCh6eLRcqVIR9o7zguPP0EMaRYK62c-yTy_KQLRPqS33ESyZpeJgUg8VnGrGb29M56iuo=?c=naver.search.pc.tab.blog.pwc&t=0
AI자격증교육 무료교육정보! 단기합격방법!,https://ader.naver.com/v1/Epe7tPhTkkcUOAx75pfDGCmtSW-7TPi5zxkQqtCJgHJi-yYxKzQpW3ktCcGmVx_HMO3n7pn9BM3w3VL5RvMUKtxwmFF9bMjJmgzLNy5ZAkPJSy6i7y2X8XZP9M1fgkl4OdBahD2M5fr69ZYLGxBMlY4ZAqQMtvy7Mk2yZOV7GLri09wysootmoSLY2RAZH2NxDMe7Ivo5Idy814mUv6shb6RYmY3wbzn30e1swdvIe7_SiMfSCQm63WwR5tutX2Qgo6pkJ25OFqF2kOZ8wm-uqKRIp2GnGGIKLschhEPCvE=?c=naver.search.pc.tab.blog.pwc&t=0
ISC : AI 소켓 쇼티지의 최대 수혜주,https://blog.naver.com/pokara61/224254442981
AI vs 양자컴! 다음 10년 승자 TOP3,https://blog.naver.com/72dahag/224254103234
"삼성 2026 TV , AI가 바꾸는 시청경험",https://blog.naver.com/alsemfsla88/224253683902
AI학과 대학 인공지능을 다루려면,https://blog.naver.com/no1kwangwoon/224253183722
삼성 AI Q9000 에어컨 누구에게 좋을까,https://blog.naver.com/sjrnfl81/224246167220
팩스 보내는 게 이렇게 쉬웠나요? - AI FAX,https://ader.naver.com/v1/Epe7tPhTkkcUOAx75pfDGCmtSW-7TPi5zxkQqtCJgHIA5CqEBy5YraJzG2pF3t_DCeeAkIV-4Ez_y0fNWwxBhr3xtG7qfc8dF8lN1YYdrfhUIgHbpIM099fxGz8BC0cr81YIxBaspncy7bbUSj9mXQ1CxsNGOtkuKL_PkCwarptODWLxQJVbbmmHGEtT7S1OMWfo2Xi9znK-lbn4j97Ub1x84wY3Y-36tbktOAkXPOHwc0o8AtDX0Eo8U_ArjBriZszyjZRl8YTdCfci-EWHAmgby6SK6kd9oq0ffiexDYhqS9ZpYG8OzsQJScmZY4Ft?c=naver.search.pc.tab.blog.pwc&t=0
AI 서류 코치로 이력서 자소서 완전 정복하기,https://ader.naver.com/v1/Epe7tPhTkkcUOAx75pfDGCmtSW-7TPi5zxkQqtCJgHI9N4sritqRTrU6QpnJcA7ckU1D8PRHBUY-_ai4-dD9NfSBagP59j4IPBp6qDM5ixcSiTBFI5770L8tfJ2-MdjRXY9DntnnlyFIrcX41pmCczoI1DjMVDqR4sPKFoUINX847wzbnA0qyi46HQRf1lu-L8r-mBiaFteXSvhhbB3zSWGsuW0KW-9EL_49YMzxbFuQM7Lom2J5h_B45LCehBZTg-nVADmSJ-whLNdgdUwG5JTd0SCMUXLeYEf5PCEYTRU=?c=naver.search.pc.tab.blog.pwc&t=0
AI 시대 회계사 세무사 전문직 전망,https://blog.naver.com/bangmh69/224245470647
AI 열풍 다음은 왜 광통신일까,https://blog.naver.com/classicshoe/224239999203
구글 랩스 AI 마케팅 활용 탐색,https://blog.naver.com/fineday123/224251945960
피지컬 AI 관련주 대장주 Top 3 미국 주식,https://blog.naver.com/rekono/224226735103
한 눈에 보는 AI 반도체 산업,https://blog.naver.com/tpeople/224252099896
"챗GPT, AI가 대체할 수 없는 미래유망직업?",https://ader.naver.com/v1/Epe7tPhTkkcUOAx75pfDGCmtSW-7TPi5zxkQqtCJgHKaeUCs99Slvi6m5GbQElQPGUFjb6m_Ly-VzXl944U-_54uCrLSesNiLpBAkyUY6hIJ9_PO5uFQeVJh8qPWG9pLxthgYyQ8FiSamRwrDyx6zR9nBtDbxZlpBTsPvNJNp9HKgwBckkhtTReUWbY69AnZRdBSsKoH7Id_3UjwUQpzWmkxl4-dWjk6LAZV3Hq7mMwqRfRysjqnvAaI4OUGjyG0iLRBjDRTteXPW5CSQ9DM8PYcUqsz_okAvop2g2oW5gY=?c=naver.search.pc.tab.blog.pwc&t=0
KT클라우드 AI부트캠프 취업준비반!,https://ader.naver.com/v1/Epe7tPhTkkcUOAx75pfDGCmtSW-7TPi5zxkQqtCJgHJdDrkIEgqRHQLl-2kt8l3ryOKgoMjDQGooVkoIRnPyS-3e1tmosBA6FTshfBm8lHEsZwhi1X83LBa2paaJ6A7v0O3xpmvckaNWN7R1wlnp-1E1kn2EJj2hTirCXIjbjcP-m5HjPQwX7DA6kG021Mky0KMcvNSgipfdwLy3BQbhN3kZxhU2Z2m85aJ_kXW3M5DPmXLh9CKS9ZQRm4OnUPMgJfR-qrhYNFKzuzOvhaWLGvPesf1BQAdaZsB7jq-_qMc=?c=naver.search.pc.tab.blog.pwc&t=0
[서평] AI X 스타트업,https://blog.naver.com/bugswarez/224252976375
"KODEX 미국AI광통신네트워크, 지금 보는 이유",https://blog.naver.com/hxn1/224250027673
클로드 AI 가격 할인 요금제 사용법,https://blog.naver.com/keiraso/224253202118
피지컬 AI 1억 대 시대가 열립니다,https://blog.naver.com/lgb03/224250067418
<문송합니다. 그리고 AI>,https://blog.naver.com/kirbypuckett/224253184518
